record_id,customer_name,email,transaction_date,amount,currency,status,category,tax_amount,country_code
REC-10460,Nancy Wilson,nancy.wilson691@example.com,2026-05-28,2117.71,JPY,COMPLETED,Subscription,0.0,AU
REC-30067,Charles Thomas,charles.thomas98@example.com,2026-06-23,2865.07,JPY,FAILED,Support,200.55,SG
REC-10679,Robert Taylor,robert.taylor880@example.com,2026-05-15,2589.58,JPY,COMPLETED,Hardware,258.96,FR
REC-10353,Daniel Rodriguez,daniel.rodriguez96@example.com,2026-01-08,4487.46,SGD,FAILED,Cloud_Services,448.75,SG
REC-10487,Daniel Jackson,daniel.jackson157@example.com,2026-06-26,1588.5,EUR,COMPLETED,Consulting,127.08,DE
REC-10597,Linda Davis,linda.davis74@example.com,2026-05-25,2156.03,JPY,COMPLETED,Subscription,409.65,AU
REC-10753,Patricia Martinez,patricia.martinez26@example.com,2026-07-20,4205.98,GBP,COMPLETED,Consulting,336.48,US
REC-10401,Elizabeth Anderson,elizabeth.anderson793@example.com,2026-06-09,3646.71,CAD,COMPLETED,Hardware,364.67,FR
REC-10786,Richard Gonzalez,richard.gonzalez712@example.com,2026-02-24,4627.2,USD,FAILED,Hardware,231.36,CA
REC-10133,Barbara Davis,barbara.davis603@example.com,2026-06-01,879.49,EUR,CANCELLED,Support,0.0,SG
REC-10828,Susan Lopez,susan.lopez187@example.com,2026-07-13,4724.34,EUR,COMPLETED,Subscription,472.43,NL
REC-10463,Margaret Moore,margaret.moore886@example.com,2026-04-24,3239.13,EUR,PROCESSING,Training,259.13,JP
REC-10820,Elizabeth Lopez,elizabeth.lopez925@example.com,2026-02-18,4336.1,SGD,CANCELLED,Subscription,867.22,AU
REC-10626,John Brown,john.brown724@example.com,2026-08-21,1821.09,CAD,CANCELLED,Training,182.11,NL
REC-10646,Anthony Smith,anthony.smith348@example.com,2026-07-21,2676.02,JPY,PROCESSING,Cloud_Services,133.8,GB
REC-10542,Barbara Moore,barbara.moore571@example.com,2026-05-12,108.98,GBP,PROCESSING,Hardware,0.0,CH
REC-10294,Anthony Wilson,anthony.wilson690@example.com,2026-08-05,3170.35,GBP,PENDING,Training,158.52,AU
REC-10093,Sarah Thomas,sarah.thomas449@example.com,2026-02-20,208.91,CAD,FAILED,Support,16.71,JP
REC-10658,Mark Jackson,mark.jackson645@example.com,2026-08-20,1784.57,AUD,PENDING,Training,124.92,NL
REC-10319,Mark Brown,mark.brown139@example.com,2026-07-02,4962.51,CAD,PENDING,Training,992.5,GB
REC-10144,Barbara Brown,barbara.brown781@example.com,2026-05-19,1138.53,AUD,PROCESSING,Support,91.08,CH
REC-10790,Lisa Johnson,lisa.johnson851@example.com,2026-02-16,3393.76,SGD,PROCESSING,Training,169.69,CA
REC-10069,Nancy Brown,nancy.brown578@example.com,2026-04-15,3500.33,GBP,PENDING,Support,700.07,CH
REC-10317,Daniel Lopez,daniel.lopez882@example.com,2026-07-06,3084.59,EUR,PENDING,Subscription,616.92,CH
REC-10117,James Gonzalez,james.gonzalez282@example.com,2026-01-19,4326.69,CAD,COMPLETED,Support,865.34,FR
REC-10102,Susan Thomas,susan.thomas484@example.com,2026-04-15,2760.81,EUR,PROCESSING,Support,220.86,GB
REC-10640,Betty Martin,betty.martin425@example.com,2026-07-02,1675.62,AUD,PENDING,Subscription,167.56,DE
REC-10276,John Thomas,john.thomas866@example.com,2026-07-21,3924.04,AUD,COMPLETED,Support,392.4,US
REC-10345,Barbara Garcia,barbara.garcia262@example.com,2026-02-19,3373.86,EUR,PROCESSING,Subscription,0.0,US
REC-10174,Christopher Thomas,christopher.thomas896@example.com,2026-06-18,4672.12,AUD,PROCESSING,Subscription,887.7,JP
REC-10333,Barbara Wilson,barbara.wilson323@example.com,2026-03-08,1392.07,EUR,PROCESSING,Support,0.0,CH
REC-30094,Linda Hernandez,linda.hernandez437@example.com,2026-08-02,2554.22,USD,FAILED,Subscription,485.3,JP
REC-10316,William Lopez,william.lopez883@example.com,2026-02-15,4327.8,AUD,PENDING,Hardware,0.0,CH
REC-10882,Joseph Jones,joseph.jones789@example.com,2026-01-23,4033.17,USD,PENDING,Consulting,0.0,AU
REC-10520,Margaret Taylor,margaret.taylor293@example.com,2026-04-02,3921.96,JPY,PENDING,Support,392.2,GB
REC-10206,Lisa Martin,lisa.martin346@example.com,2026-01-27,4320.27,USD,PROCESSING,Consulting,0.0,DE
REC-10200,Barbara Moore,barbara.moore587@example.com,2026-06-15,4020.27,EUR,PROCESSING,Subscription,402.03,SG
REC-10821,Sandra Rodriguez,sandra.rodriguez309@example.com,2026-02-27,3785.77,EUR,PENDING,Cloud_Services,265.0,CA
REC-10583,Daniel Wilson,daniel.wilson905@example.com,2026-02-06,3964.38,SGD,PROCESSING,Consulting,396.44,GB
REC-10791,Robert Martinez,robert.martinez637@example.com,2026-02-25,391.82,JPY,CANCELLED,Cloud_Services,78.36,DE
REC-10438,Patricia Johnson,patricia.johnson10@example.com,2026-03-22,3239.52,GBP,CANCELLED,Support,226.77,JP
REC-10422,Christopher Garcia,christopher.garcia321@example.com,2026-01-01,2265.75,AUD,PENDING,Support,113.29,GB
REC-10642,David Gonzalez,david.gonzalez742@example.com,2026-01-27,886.39,AUD,FAILED,Training,62.05,FR
REC-10195,Barbara Lopez,barbara.lopez455@example.com,2026-02-19,697.1,SGD,FAILED,Training,48.8,JP
REC-10483,Mark Taylor,mark.taylor146@example.com,2026-03-06,1111.73,GBP,PENDING,Subscription,222.35,GB
REC-30020,Christopher Martinez,christopher.martinez751@example.com,2026-07-06,890.24,CAD,PENDING,Hardware,44.51,FR
REC-10558,Betty Rodriguez,betty.rodriguez423@example.com,2026-04-28,351.64,GBP,COMPLETED,Training,17.58,FR
REC-10637,Lisa Taylor,lisa.taylor90@example.com,2026-08-24,3446.38,CAD,FAILED,Cloud_Services,689.28,CH
REC-10454,Joseph Jackson,joseph.jackson980@example.com,2026-03-16,31.64,USD,PROCESSING,Cloud_Services,6.01,CH
REC-10586,Barbara Anderson,barbara.anderson459@example.com,2026-07-01,3634.3,JPY,COMPLETED,Support,254.4,GB
REC-10771,Patricia Miller,patricia.miller159@example.com,2026-04-27,950.2,JPY,PROCESSING,Support,95.02,NL
REC-10147,Michael Gonzalez,michael.gonzalez430@example.com,2026-08-11,795.47,CAD,FAILED,Support,55.68,CH
REC-10794,Sarah Martinez,sarah.martinez906@example.com,2026-03-16,2159.1,CAD,CANCELLED,Cloud_Services,151.14,SG
REC-30047,Lisa Smith,lisa.smith371@example.com,2026-02-22,3929.64,EUR,CANCELLED,Cloud_Services,785.93,GB
REC-10897,Barbara Jackson,updated.barbara.jackson297@example.com,2026-01-17,774.99,GBP,FAILED,Consulting,54.25,JP
REC-10630,Mark Thomas,mark.thomas244@example.com,2026-04-19,3300.76,SGD,CANCELLED,Subscription,264.06,CH
REC-10430,Karen Johnson,karen.johnson678@example.com,2026-02-21,4182.24,CAD,COMPLETED,Cloud_Services,0.0,FR
REC-10020,Daniel Martinez,daniel.martinez409@example.com,2026-06-15,4499.07,USD,PENDING,Hardware,359.93,SG
REC-10852,Betty Wilson,betty.wilson754@example.com,2026-05-22,3021.53,CAD,FAILED,Consulting,211.51,NL
REC-10040,Anthony Lopez,anthony.lopez597@example.com,2026-03-14,645.95,GBP,COMPLETED,Consulting,45.22,DE
REC-10364,Richard Wilson,richard.wilson177@example.com,2026-06-07,4542.44,GBP,CANCELLED,Hardware,317.97,US
REC-10427,Karen Taylor,karen.taylor346@example.com,2026-07-22,4977.41,SGD,FAILED,Hardware,348.42,GB
REC-10562,David Williams,david.williams864@example.com,2026-03-02,1339.85,USD,PROCESSING,Cloud_Services,107.19,GB
REC-10308,Jennifer Martinez,jennifer.martinez941@example.com,2026-02-22,678.4,EUR,FAILED,Subscription,0.0,GB
REC-10834,Barbara Jackson,barbara.jackson701@example.com,2026-08-03,61.5,AUD,FAILED,Training,3.08,AU
REC-10607,David Thomas,david.thomas403@example.com,2026-03-01,1740.43,GBP,FAILED,Hardware,121.83,NL
REC-10445,James Garcia,james.garcia518@example.com,2026-08-28,2484.22,USD,CANCELLED,Consulting,124.21,DE
REC-10220,Nancy Brown,nancy.brown427@example.com,2026-05-26,4494.85,CAD,COMPLETED,Support,898.97,FR
REC-10593,Thomas Johnson,thomas.johnson327@example.com,2026-03-11,2516.98,EUR,COMPLETED,Training,125.85,AU
REC-10682,Daniel Martin,daniel.martin768@example.com,2026-05-24,3927.26,USD,CANCELLED,Support,274.91,GB
REC-10033,Nancy Hernandez,nancy.hernandez245@example.com,2026-05-13,663.08,GBP,CANCELLED,Consulting,125.99,SG
REC-10340,David Gonzalez,david.gonzalez601@example.com,2026-02-10,3496.39,AUD,PENDING,Subscription,664.31,DE
REC-10600,Robert Williams,robert.williams116@example.com,2026-01-08,4745.22,AUD,FAILED,Subscription,237.26,CA
REC-10696,William Martinez,william.martinez479@example.com,2026-02-21,2272.68,AUD,CANCELLED,Training,159.09,CA
REC-10043,Betty Wilson,betty.wilson822@example.com,2026-04-09,804.4,USD,CANCELLED,Subscription,152.84,FR
REC-10529,John Moore,john.moore954@example.com,2026-03-16,1576.23,JPY,FAILED,Hardware,78.81,DE
REC-10164,Barbara Lopez,barbara.lopez940@example.com,2026-05-13,2049.76,CAD,PROCESSING,Subscription,143.48,CA
REC-30090,Karen Jones,karen.jones747@example.com,2026-03-08,1412.88,AUD,FAILED,Training,0.0,DE
REC-10310,Christopher Moore,christopher.moore711@example.com,2026-03-18,842.66,EUR,PENDING,Consulting,58.99,FR
REC-30066,Patricia Gonzalez,patricia.gonzalez993@example.com,2026-04-13,4759.4,USD,PENDING,Support,951.88,JP
REC-10530,Jessica Miller,jessica.miller241@example.com,2026-04-28,1334.37,EUR,PENDING,Support,66.72,CA
REC-10675,Robert Williams,robert.williams141@example.com,2026-07-28,2285.58,CAD,PROCESSING,Cloud_Services,457.12,CH
REC-10215,Mary Gonzalez,mary.gonzalez53@example.com,2026-04-12,2770.58,SGD,PROCESSING,Cloud_Services,0.0,NL
REC-10303,Nancy Garcia,nancy.garcia953@example.com,2026-04-17,880.52,GBP,PROCESSING,Cloud_Services,44.03,FR
REC-10769,David Hernandez,david.hernandez847@example.com,2026-05-09,3430.36,GBP,COMPLETED,Support,651.77,CH
REC-30054,Anthony Smith,anthony.smith404@example.com,2026-08-03,2599.32,JPY,COMPLETED,Hardware,259.93,SG
REC-10131,Anthony Moore,anthony.moore213@example.com,2026-04-27,4349.78,AUD,PENDING,Support,304.48,US
REC-10768,Christopher Williams,christopher.williams527@example.com,2026-04-25,3143.87,USD,PROCESSING,Hardware,628.77,NL
REC-30041,Karen Hernandez,karen.hernandez317@example.com,2026-02-09,4984.27,JPY,CANCELLED,Training,947.01,DE
REC-10324,Jessica Rodriguez,jessica.rodriguez331@example.com,2026-05-11,2741.08,JPY,CANCELLED,Consulting,137.05,US
REC-10509,Thomas Wilson,thomas.wilson380@example.com,2026-01-23,2653.78,AUD,CANCELLED,Cloud_Services,132.69,CA
REC-30053,Jessica Wilson,jessica.wilson306@example.com,2026-03-04,1632.89,AUD,PROCESSING,Hardware,310.25,AU
REC-10418,Linda Lopez,linda.lopez229@example.com,2026-05-14,3942.57,GBP,FAILED,Support,275.98,JP
REC-10513,Robert Wilson,robert.wilson668@example.com,2026-05-09,4276.33,JPY,FAILED,Support,342.11,JP
REC-10441,Sandra Jackson,sandra.jackson495@example.com,2026-08-06,3060.5,GBP,PROCESSING,Subscription,612.1,GB
REC-10559,Karen Anderson,karen.anderson279@example.com,2026-08-07,1610.01,USD,PROCESSING,Subscription,80.5,GB
REC-10853,Jessica Anderson,jessica.anderson907@example.com,2026-08-25,1349.71,SGD,COMPLETED,Cloud_Services,134.97,CA
REC-10138,Susan Brown,susan.brown813@example.com,2026-02-28,3277.02,JPY,PENDING,Cloud_Services,655.4,FR
REC-30010,John Hernandez,john.hernandez140@example.com,2026-08-07,782.08,USD,COMPLETED,Support,39.1,CA
REC-10456,Nancy Martin,nancy.martin621@example.com,2026-06-17,4408.14,JPY,PENDING,Consulting,352.65,AU
REC-10137,William Martin,william.martin649@example.com,2026-06-13,4973.19,GBP,CANCELLED,Support,497.32,CH
REC-10371,David Lopez,david.lopez936@example.com,2026-01-23,3505.8,JPY,PENDING,Support,350.58,DE
REC-10652,Elizabeth Johnson,elizabeth.johnson704@example.com,2026-02-11,2339.71,USD,PROCESSING,Training,0.0,JP
REC-10603,Mark Taylor,mark.taylor45@example.com,2026-05-06,309.95,AUD,PROCESSING,Consulting,15.5,US
REC-10204,Sandra Davis,sandra.davis355@example.com,2026-05-28,403.51,CAD,PROCESSING,Consulting,20.18,GB
REC-10632,Robert Johnson,robert.johnson669@example.com,2026-06-02,735.42,CAD,PROCESSING,Support,0.0,JP
REC-10372,Anthony Thomas,anthony.thomas556@example.com,2026-05-06,2457.28,USD,PENDING,Support,0.0,DE
REC-10293,Charles Moore,charles.moore185@example.com,2026-01-24,2313.49,EUR,CANCELLED,Consulting,439.56,SG
REC-30084,Barbara Wilson,barbara.wilson914@example.com,2026-03-18,4059.6,SGD,CANCELLED,Hardware,0.0,GB
REC-10425,Nancy Smith,nancy.smith642@example.com,2026-04-08,3470.69,GBP,PENDING,Subscription,242.95,AU
REC-10177,James Hernandez,james.hernandez954@example.com,2026-02-27,3576.37,AUD,PENDING,Hardware,250.35,US
REC-30015,Joseph Jones,joseph.jones261@example.com,2026-04-20,2895.93,AUD,PENDING,Subscription,550.23,SG
REC-10396,Sandra Smith,sandra.smith806@example.com,2026-07-04,2078.07,JPY,PROCESSING,Support,103.9,SG
REC-10579,Christopher Thomas,christopher.thomas951@example.com,2026-02-15,4007.09,GBP,PROCESSING,Training,0.0,AU
REC-10053,Nancy Williams,nancy.williams291@example.com,2026-06-03,4093.93,EUR,FAILED,Hardware,818.79,DE
REC-10213,John Gonzalez,john.gonzalez518@example.com,2026-08-08,1083.57,USD,COMPLETED,Consulting,75.85,FR
REC-10187,Betty Miller,betty.miller908@example.com,2026-01-11,4667.52,SGD,PROCESSING,Cloud_Services,466.75,JP
REC-10296,Sarah Johnson,sarah.johnson810@example.com,2026-06-23,4478.55,JPY,COMPLETED,Subscription,447.86,DE
REC-10375,John Lopez,john.lopez722@example.com,2026-07-19,514.15,GBP,PENDING,Hardware,35.99,AU
REC-10577,Margaret Johnson,margaret.johnson207@example.com,2026-02-16,966.17,JPY,CANCELLED,Training,0.0,FR
REC-10811,Sarah Wilson,sarah.wilson433@example.com,2026-01-07,805.2,USD,FAILED,Consulting,40.26,NL
REC-10777,Matthew Brown,matthew.brown802@example.com,2026-02-20,1034.95,EUR,FAILED,Subscription,51.75,SG
REC-10173,Matthew Gonzalez,matthew.gonzalez515@example.com,2026-07-06,4086.29,JPY,PENDING,Consulting,817.26,US
REC-10352,Matthew Gonzalez,matthew.gonzalez870@example.com,2026-05-04,1033.92,SGD,CANCELLED,Subscription,51.7,GB
REC-30069,Mark Gonzalez,mark.gonzalez489@example.com,2026-03-09,57.39,CAD,PENDING,Training,5.74,GB
REC-10733,Jennifer Anderson,jennifer.anderson879@example.com,2026-01-15,2324.17,AUD,CANCELLED,Hardware,116.21,CA
REC-10081,William Davis,william.davis124@example.com,2026-04-11,606.58,AUD,PENDING,Hardware,60.66,DE
REC-10007,Margaret Davis,margaret.davis888@example.com,2026-02-13,1397.09,AUD,FAILED,Hardware,265.45,CA
REC-10023,Robert Jackson,robert.jackson591@example.com,2026-08-08,3925.25,SGD,PENDING,Subscription,785.05,SG
REC-10807,Jessica Miller,jessica.miller677@example.com,2026-08-09,4686.44,AUD,PROCESSING,Cloud_Services,468.64,CH
REC-30097,Jessica Lopez,jessica.lopez343@example.com,2026-05-04,493.47,CAD,PROCESSING,Hardware,0.0,CA
REC-10411,Patricia Smith,patricia.smith524@example.com,2026-06-18,3240.24,GBP,FAILED,Training,324.02,SG
REC-10140,David Rodriguez,david.rodriguez384@example.com,2026-03-22,4615.7,USD,COMPLETED,Subscription,0.0,AU
REC-10058,Joseph Garcia,joseph.garcia762@example.com,2026-08-15,1303.37,AUD,FAILED,Support,65.17,FR
REC-30083,Patricia Thomas,patricia.thomas8@example.com,2026-03-25,3286.6,SGD,CANCELLED,Consulting,164.33,JP
REC-10409,Christopher Garcia,christopher.garcia616@example.com,2026-01-08,1269.43,GBP,FAILED,Cloud_Services,253.89,AU
REC-10724,John Thomas,john.thomas600@example.com,2026-08-02,4453.54,EUR,PROCESSING,Cloud_Services,222.68,GB
REC-10377,Nancy Jackson,nancy.jackson835@example.com,2026-03-13,1541.05,GBP,PENDING,Hardware,292.8,US
REC-10399,Mary Gonzalez,mary.gonzalez911@example.com,2026-06-23,1195.52,SGD,FAILED,Consulting,227.15,US
REC-10536,Karen Rodriguez,karen.rodriguez192@example.com,2026-05-08,1354.35,GBP,FAILED,Hardware,135.44,FR
REC-30027,Betty Brown,betty.brown4@example.com,2026-08-28,3494.56,AUD,PENDING,Subscription,663.97,CH
REC-10883,Susan Johnson,susan.johnson403@example.com,2026-08-25,4613.37,JPY,COMPLETED,Training,230.67,NL
REC-10528,Barbara Taylor,barbara.taylor549@example.com,2026-01-23,4162.56,GBP,COMPLETED,Cloud_Services,208.13,CA
REC-10165,John Hernandez,john.hernandez97@example.com,2026-07-10,1267.46,CAD,PROCESSING,Hardware,253.49,CA
REC-10162,Christopher Miller,christopher.miller330@example.com,2026-08-17,762.8,SGD,COMPLETED,Consulting,0.0,SG
REC-10680,Christopher Williams,christopher.williams701@example.com,2026-05-20,273.34,JPY,COMPLETED,Cloud_Services,19.13,FR
REC-10183,John Taylor,john.taylor558@example.com,2026-01-13,4367.92,CAD,CANCELLED,Consulting,0.0,JP
REC-10096,Barbara Wilson,barbara.wilson342@example.com,2026-06-22,531.95,GBP,CANCELLED,Training,26.6,FR
REC-10557,William Williams,william.williams433@example.com,2026-04-17,3825.05,AUD,FAILED,Consulting,382.51,NL
REC-30034,Matthew Rodriguez,matthew.rodriguez226@example.com,2026-05-22,2386.75,USD,PENDING,Support,453.48,FR
REC-10561,Jessica Miller,jessica.miller351@example.com,2026-07-10,3930.77,GBP,CANCELLED,Training,314.46,US
REC-10651,Anthony Taylor,anthony.taylor693@example.com,2026-03-07,3625.61,SGD,PROCESSING,Subscription,290.05,US
REC-10334,Lisa Martin,lisa.martin292@example.com,2026-01-28,4236.88,EUR,PROCESSING,Support,296.58,NL
REC-10016,Thomas Brown,thomas.brown892@example.com,2026-05-27,3198.36,EUR,PENDING,Consulting,319.84,GB
REC-10788,Charles Rodriguez,charles.rodriguez775@example.com,2026-07-12,2384.37,SGD,CANCELLED,Support,238.44,JP
REC-10690,Nancy Hernandez,nancy.hernandez985@example.com,2026-01-04,4589.38,GBP,CANCELLED,Support,871.98,JP
REC-10612,Sandra Jones,sandra.jones441@example.com,2026-03-21,4665.82,GBP,COMPLETED,Support,233.29,NL
REC-10210,Matthew Lopez,matthew.lopez528@example.com,2026-02-11,1216.27,GBP,CANCELLED,Hardware,0.0,GB
REC-10027,Anthony Smith,anthony.smith993@example.com,2026-02-25,4244.99,SGD,CANCELLED,Cloud_Services,212.25,DE
REC-10061,David Moore,david.moore478@example.com,2026-07-02,1042.1,SGD,PROCESSING,Training,83.37,US
REC-10235,Elizabeth Jackson,elizabeth.jackson618@example.com,2026-02-11,1429.96,JPY,PROCESSING,Cloud_Services,271.69,GB
REC-10469,Anthony Martinez,anthony.martinez503@example.com,2026-06-03,3922.32,JPY,PENDING,Hardware,274.56,NL
REC-10645,James Miller,james.miller592@example.com,2026-06-26,4581.77,GBP,COMPLETED,Hardware,916.35,JP
REC-10405,Anthony Anderson,anthony.anderson518@example.com,2026-07-21,4616.14,USD,PENDING,Consulting,877.07,FR
REC-10881,Betty Davis,betty.davis142@example.com,2026-07-14,4595.92,AUD,PROCESSING,Training,367.27,CA
REC-10025,Lisa Hernandez,lisa.hernandez820@example.com,2026-02-08,966.03,SGD,PENDING,Cloud_Services,96.6,GB
REC-10060,John Jones,john.jones155@example.com,2026-04-13,3472.81,EUR,COMPLETED,Cloud_Services,659.83,AU
REC-10435,James Smith,james.smith688@example.com,2026-02-04,4177.81,SGD,PENDING,Subscription,793.78,NL
REC-10567,Christopher Wilson,christopher.wilson333@example.com,2026-01-06,3974.01,USD,CANCELLED,Hardware,397.4,US
REC-10644,Joseph Wilson,joseph.wilson951@example.com,2026-01-27,2610.16,CAD,FAILED,Support,261.02,NL
REC-10895,Robert Taylor,robert.taylor131@example.com,2026-08-25,2293.99,JPY,PROCESSING,Subscription,435.86,DE
REC-10595,John Thomas,john.thomas586@example.com,2026-01-18,2001.96,SGD,PROCESSING,Cloud_Services,0.0,GB
REC-10729,Lisa Wilson,lisa.wilson754@example.com,2026-04-08,1643.21,EUR,PROCESSING,Hardware,164.32,CH
REC-10150,Elizabeth Jackson,elizabeth.jackson499@example.com,2026-05-02,1110.39,USD,COMPLETED,Hardware,111.04,JP
REC-10512,Patricia Taylor,patricia.taylor8@example.com,2026-07-21,1035.04,GBP,CANCELLED,Consulting,207.01,SG
REC-30059,Sarah Taylor,sarah.taylor215@example.com,2026-02-22,4100.62,USD,PENDING,Hardware,205.03,JP
REC-10866,Elizabeth Jackson,elizabeth.jackson850@example.com,2026-07-02,1675.91,CAD,CANCELLED,Cloud_Services,4.5,FR
REC-10083,James Moore,james.moore130@example.com,2026-05-02,4871.73,GBP,PENDING,Training,487.17,FR
REC-10307,Thomas Hernandez,thomas.hernandez612@example.com,2026-07-20,1968.79,GBP,FAILED,Cloud_Services,0.0,CH
REC-10700,John Williams,john.williams586@example.com,2026-05-25,2234.95,EUR,COMPLETED,Subscription,178.8,AU
REC-10067,Anthony Williams,anthony.williams482@example.com,2026-01-24,2701.7,EUR,COMPLETED,Training,189.12,US
REC-10773,Daniel Lopez,daniel.lopez143@example.com,2026-08-20,2620.37,EUR,FAILED,Subscription,183.43,SG
REC-10188,Mary Miller,mary.miller293@example.com,2026-06-28,3906.4,CAD,FAILED,Consulting,781.28,SG
REC-10732,Michael Jones,michael.jones368@example.com,2026-05-08,3241.72,USD,CANCELLED,Training,0.0,JP
REC-10359,Anthony Hernandez,anthony.hernandez152@example.com,2026-02-23,1248.61,SGD,PROCESSING,Subscription,87.4,JP
REC-10451,James Hernandez,james.hernandez364@example.com,2026-05-18,2614.71,USD,COMPLETED,Hardware,496.79,FR
REC-10553,Elizabeth Lopez,elizabeth.lopez494@example.com,2026-04-26,456.87,GBP,CANCELLED,Consulting,31.98,GB
REC-10197,Michael Martin,michael.martin293@example.com,2026-08-07,621.96,USD,CANCELLED,Hardware,124.39,FR
REC-10453,Anthony Miller,anthony.miller734@example.com,2026-06-04,3788.18,CAD,PROCESSING,Subscription,0.0,FR
REC-10725,Richard Lopez,richard.lopez140@example.com,2026-08-24,978.83,GBP,PENDING,Consulting,68.52,GB
REC-30032,Jessica Williams,jessica.williams309@example.com,2026-08-06,4483.08,SGD,PROCESSING,Hardware,0.0,DE
REC-10459,Daniel Garcia,daniel.garcia516@example.com,2026-06-23,585.87,JPY,CANCELLED,Support,41.01,CH
REC-10329,James Smith,james.smith713@example.com,2026-06-27,611.76,SGD,PENDING,Cloud_Services,122.35,SG
REC-10552,Daniel Moore,daniel.moore182@example.com,2026-08-21,3747.07,SGD,PROCESSING,Training,374.71,NL
REC-10414,Nancy Jones,nancy.jones739@example.com,2026-01-21,2491.89,GBP,CANCELLED,Cloud_Services,174.43,AU
REC-10238,Margaret Gonzalez,margaret.gonzalez847@example.com,2026-07-17,1646.35,CAD,COMPLETED,Hardware,131.71,GB
REC-10838,Charles Garcia,charles.garcia267@example.com,2026-03-17,2469.27,SGD,PENDING,Subscription,172.85,CA
REC-10757,Barbara Lopez,barbara.lopez316@example.com,2026-08-28,2809.55,CAD,CANCELLED,Training,140.48,AU
REC-10391,John Lopez,john.lopez828@example.com,2026-07-25,2952.73,USD,CANCELLED,Support,295.27,AU
REC-10666,Charles Martin,charles.martin475@example.com,2026-06-18,497.29,EUR,FAILED,Cloud_Services,39.78,SG
REC-30096,Mary Hernandez,mary.hernandez218@example.com,2026-05-16,1408.0,USD,CANCELLED,Hardware,140.8,JP
REC-10370,Matthew Davis,matthew.davis590@example.com,2026-07-12,4676.68,EUR,PENDING,Hardware,935.34,CH
REC-10643,Sandra Thomas,sandra.thomas817@example.com,2026-01-21,687.41,CAD,CANCELLED,Support,34.37,CA
REC-10242,Robert Thomas,robert.thomas157@example.com,2026-08-24,4944.3,SGD,PROCESSING,Cloud_Services,346.1,NL
REC-30078,Barbara Jones,barbara.jones527@example.com,2026-06-02,2119.38,EUR,FAILED,Subscription,169.55,CA
REC-10864,Christopher Davis,christopher.davis447@example.com,2026-04-03,1511.58,EUR,COMPLETED,Cloud_Services,120.93,US
REC-10550,Linda Martinez,linda.martinez454@example.com,2026-03-05,2638.44,USD,COMPLETED,Training,131.92,CA
REC-10039,Jennifer Anderson,jennifer.anderson565@example.com,2026-07-18,58.25,CAD,PENDING,Support,0.0,US
REC-10168,Thomas Lopez,thomas.lopez19@example.com,2026-06-10,909.51,GBP,CANCELLED,Hardware,45.48,DE
REC-10419,Joseph Brown,joseph.brown482@example.com,2026-01-28,3175.64,JPY,COMPLETED,Cloud_Services,317.56,DE
REC-10474,David Taylor,david.taylor85@example.com,2026-02-06,4858.43,JPY,PROCESSING,Subscription,971.69,SG
REC-10132,William Jones,william.jones134@example.com,2026-05-26,880.74,AUD,COMPLETED,Hardware,167.34,US
REC-10241,Jennifer Gonzalez,jennifer.gonzalez703@example.com,2026-05-23,595.9,GBP,PROCESSING,Hardware,41.71,DE
REC-10806,Susan Gonzalez,susan.gonzalez258@example.com,2026-08-22,3819.58,USD,PROCESSING,Hardware,190.98,CH
REC-10665,Charles Hernandez,charles.hernandez558@example.com,2026-04-06,3316.44,CAD,PROCESSING,Cloud_Services,0.0,SG
REC-10497,Christopher Rodriguez,christopher.rodriguez855@example.com,2026-05-19,2726.31,SGD,CANCELLED,Consulting,136.32,CH
REC-10818,Nancy Davis,nancy.davis987@example.com,2026-05-26,4685.49,SGD,FAILED,Consulting,327.98,US
REC-10358,William Brown,william.brown93@example.com,2026-03-26,3433.41,CAD,PROCESSING,Subscription,686.68,DE
REC-10385,Karen Wilson,karen.wilson161@example.com,2026-01-04,1662.16,SGD,PROCESSING,Training,83.11,NL
REC-10514,Nancy Gonzalez,nancy.gonzalez774@example.com,2026-04-14,2765.0,SGD,PENDING,Consulting,276.5,NL
REC-10801,Charles Smith,charles.smith325@example.com,2026-07-19,1957.6,USD,CANCELLED,Subscription,195.76,DE
REC-10694,William Miller,william.miller35@example.com,2026-01-20,468.79,CAD,PENDING,Support,46.88,SG
REC-10368,Richard Rodriguez,richard.rodriguez185@example.com,2026-01-11,2989.61,AUD,FAILED,Subscription,0.0,FR
REC-30085,Barbara Wilson,barbara.wilson6@example.com,2026-06-28,3549.0,EUR,FAILED,Subscription,0.0,GB
REC-10186,Christopher Garcia,christopher.garcia831@example.com,2026-03-03,3583.06,USD,FAILED,Hardware,286.64,US
REC-10523,Lisa Moore,lisa.moore937@example.com,2026-06-12,4816.81,EUR,PROCESSING,Hardware,337.18,FR
REC-10120,Barbara Jones,barbara.jones93@example.com,2026-05-11,3739.93,EUR,PENDING,Support,187.0,CA
REC-10036,James Moore,james.moore307@example.com,2026-02-05,1329.68,CAD,PROCESSING,Hardware,0.0,JP
REC-10758,Betty Anderson,betty.anderson296@example.com,2026-03-26,3642.72,CAD,CANCELLED,Hardware,291.42,CH
REC-10767,Barbara Garcia,barbara.garcia55@example.com,2026-05-12,2103.37,USD,FAILED,Consulting,147.24,NL
REC-30075,Nancy Moore,nancy.moore715@example.com,2026-02-13,79.36,AUD,COMPLETED,Training,3.97,AU
REC-10485,Nancy Williams,nancy.williams257@example.com,2026-02-07,3630.69,GBP,FAILED,Hardware,290.46,DE
REC-10664,Karen Davis,karen.davis562@example.com,2026-03-16,1925.24,EUR,PROCESSING,Cloud_Services,134.77,AU
REC-10229,Elizabeth Williams,elizabeth.williams355@example.com,2026-08-21,1289.66,EUR,PENDING,Support,103.17,JP
REC-10167,Daniel Williams,daniel.williams318@example.com,2026-07-21,3960.39,EUR,PROCESSING,Subscription,792.08,AU
REC-10390,William Anderson,william.anderson477@example.com,2026-05-08,4187.02,USD,PENDING,Training,418.7,SG
REC-10009,Sarah Davis,sarah.davis168@example.com,2026-08-13,1357.04,CAD,PROCESSING,Hardware,257.84,CA
REC-10078,John Davis,john.davis738@example.com,2026-07-16,2780.33,CAD,CANCELLED,Training,139.02,FR
REC-30091,Nancy Wilson,nancy.wilson204@example.com,2026-08-23,3915.76,CAD,PROCESSING,Support,0.0,GB
REC-10436,John Brown,john.brown927@example.com,2026-05-21,1163.49,GBP,CANCELLED,Subscription,81.44,SG
REC-10100,Christopher Martin,christopher.martin819@example.com,2026-04-23,800.31,USD,PROCESSING,Cloud_Services,80.03,SG
REC-10443,Matthew Jackson,matthew.jackson742@example.com,2026-04-22,4366.99,JPY,PROCESSING,Subscription,436.7,AU
REC-10890,Lisa Smith,lisa.smith465@example.com,2026-06-08,4028.88,JPY,PROCESSING,Support,407.39,DE
REC-10620,Lisa Jackson,lisa.jackson609@example.com,2026-01-17,555.49,AUD,COMPLETED,Hardware,44.44,NL
REC-10269,Sandra Moore,sandra.moore658@example.com,2026-01-17,178.78,USD,COMPLETED,Subscription,35.76,AU
REC-10761,Daniel Jackson,daniel.jackson774@example.com,2026-03-07,938.17,GBP,PROCESSING,Cloud_Services,75.05,US
REC-10804,Daniel Jackson,daniel.jackson98@example.com,2026-06-09,345.68,JPY,CANCELLED,Cloud_Services,69.14,DE
REC-10718,Barbara Wilson,barbara.wilson5@example.com,2026-04-07,596.36,USD,PROCESSING,Consulting,59.64,NL
REC-10589,Mark Jackson,mark.jackson256@example.com,2026-04-09,4057.26,JPY,CANCELLED,Support,0.0,DE
REC-10107,Jessica Johnson,jessica.johnson130@example.com,2026-06-28,510.82,SGD,COMPLETED,Support,102.16,FR
REC-10119,Nancy Jones,nancy.jones644@example.com,2026-02-21,3235.24,AUD,CANCELLED,Subscription,226.47,CH
REC-10618,Matthew Miller,matthew.miller68@example.com,2026-03-15,4336.97,CAD,FAILED,Cloud_Services,346.96,DE
REC-10400,David Martinez,david.martinez319@example.com,2026-05-27,2463.18,CAD,COMPLETED,Hardware,468.0,GB
REC-10493,Thomas Taylor,thomas.taylor93@example.com,2026-07-12,2515.81,EUR,PROCESSING,Training,478.0,GB
REC-10099,Matthew Johnson,matthew.johnson209@example.com,2026-05-18,663.76,SGD,CANCELLED,Subscription,46.46,US
REC-10382,Sarah Gonzalez,sarah.gonzalez104@example.com,2026-08-26,4321.61,AUD,PENDING,Hardware,821.11,FR
REC-10842,Robert Johnson,robert.johnson236@example.com,2026-03-02,2356.54,CAD,CANCELLED,Cloud_Services,117.83,SG
REC-10189,Betty Lopez,betty.lopez448@example.com,2026-07-24,2204.29,GBP,PENDING,Cloud_Services,176.34,FR
REC-10253,Karen Smith,karen.smith247@example.com,2026-04-03,513.47,SGD,PROCESSING,Training,0.0,US
REC-10613,Lisa Brown,lisa.brown189@example.com,2026-06-27,4399.39,USD,FAILED,Cloud_Services,835.88,AU
REC-10715,James Thomas,james.thomas83@example.com,2026-01-01,905.27,CAD,PROCESSING,Consulting,0.0,AU
REC-30023,John Gonzalez,john.gonzalez128@example.com,2026-05-03,1717.34,EUR,CANCELLED,Cloud_Services,171.73,SG
REC-10246,Joseph Johnson,joseph.johnson465@example.com,2026-03-17,2082.97,USD,PROCESSING,Cloud_Services,208.3,JP
REC-10244,Thomas Lopez,thomas.lopez80@example.com,2026-02-02,4145.58,EUR,PROCESSING,Support,414.56,GB
REC-10299,Linda Anderson,linda.anderson384@example.com,2026-07-15,3863.99,CAD,PROCESSING,Hardware,386.4,CA
REC-10580,Anthony Lopez,anthony.lopez814@example.com,2026-01-27,3088.5,USD,COMPLETED,Consulting,308.85,SG
REC-10088,Karen Brown,karen.brown971@example.com,2026-04-21,1063.02,USD,PENDING,Hardware,201.97,GB
REC-10124,Anthony Lopez,anthony.lopez111@example.com,2026-04-16,134.87,GBP,PROCESSING,Hardware,13.49,SG
REC-10073,Anthony Thomas,anthony.thomas109@example.com,2026-07-12,3181.57,SGD,PENDING,Cloud_Services,636.31,GB
REC-10278,Nancy Johnson,nancy.johnson184@example.com,2026-06-01,4807.73,EUR,CANCELLED,Subscription,480.77,JP
REC-10868,Sandra Thomas,sandra.thomas238@example.com,2026-01-17,104.91,GBP,PROCESSING,Support,10.49,JP
REC-10880,Thomas Garcia,thomas.garcia88@example.com,2026-05-12,3578.85,GBP,PENDING,Support,286.31,NL
REC-30014,Linda Thomas,linda.thomas36@example.com,2026-06-21,3535.73,CAD,PENDING,Consulting,0.0,CH
REC-10885,Sandra Jones,updated.sandra.jones718@example.com,2026-07-15,3222.96,JPY,PROCESSING,Training,322.3,FR
REC-10610,Margaret Davis,margaret.davis428@example.com,2026-04-19,772.22,JPY,FAILED,Cloud_Services,54.06,NL
REC-10398,Christopher Thomas,christopher.thomas586@example.com,2026-08-02,869.28,EUR,PROCESSING,Support,69.54,AU
REC-10121,Thomas Taylor,thomas.taylor936@example.com,2026-05-27,831.08,SGD,FAILED,Training,166.22,CA
REC-10712,Nancy Jackson,nancy.jackson559@example.com,2026-03-11,4183.77,EUR,COMPLETED,Support,836.75,GB
REC-10248,Barbara Williams,barbara.williams555@example.com,2026-01-03,4930.82,USD,FAILED,Cloud_Services,394.47,GB
REC-10670,Sandra Wilson,sandra.wilson736@example.com,2026-06-03,2917.81,JPY,CANCELLED,Hardware,291.78,JP
REC-10154,Richard Wilson,richard.wilson297@example.com,2026-02-13,114.07,EUR,PROCESSING,Cloud_Services,7.98,CA
REC-10347,Linda Hernandez,linda.hernandez255@example.com,2026-07-24,1606.48,USD,PROCESSING,Consulting,321.3,SG
REC-10837,James Rodriguez,james.rodriguez517@example.com,2026-07-10,4887.84,GBP,PENDING,Support,928.69,US
REC-10719,Thomas Davis,thomas.davis476@example.com,2026-04-09,274.81,AUD,PENDING,Training,0.0,FR
REC-10228,Charles Moore,charles.moore389@example.com,2026-07-27,1732.22,AUD,PENDING,Consulting,346.44,US
REC-10259,Elizabeth Jones,elizabeth.jones826@example.com,2026-08-02,2816.31,JPY,PROCESSING,Hardware,225.3,AU
REC-10013,Margaret Brown,margaret.brown157@example.com,2026-03-26,3405.6,USD,CANCELLED,Cloud_Services,340.56,CH
REC-30016,Matthew Williams,matthew.williams660@example.com,2026-07-13,3533.29,JPY,PENDING,Cloud_Services,0.0,GB
REC-10751,Robert Smith,robert.smith994@example.com,2026-06-21,3530.2,GBP,PROCESSING,Training,282.42,GB
REC-10311,Karen Johnson,karen.johnson887@example.com,2026-06-01,2428.2,AUD,CANCELLED,Support,121.41,NL
REC-10127,Lisa Jones,lisa.jones907@example.com,2026-07-21,504.12,JPY,CANCELLED,Consulting,40.33,US
REC-10855,Sandra Thomas,updated.sandra.thomas540@example.com,2026-02-10,2346.41,AUD,CANCELLED,Consulting,0.0,GB
REC-10481,Christopher Jones,christopher.jones306@example.com,2026-06-01,2772.09,EUR,COMPLETED,Subscription,277.21,US
REC-30006,Linda Martinez,linda.martinez293@example.com,2026-08-21,1014.99,AUD,CANCELLED,Subscription,203.0,CA
REC-10563,Michael Rodriguez,michael.rodriguez837@example.com,2026-07-27,72.95,CAD,PENDING,Cloud_Services,14.59,FR
REC-10431,Richard Brown,richard.brown561@example.com,2026-05-16,3512.32,CAD,COMPLETED,Consulting,175.62,AU
REC-30002,Margaret Hernandez,margaret.hernandez351@example.com,2026-04-07,2701.17,EUR,PENDING,Support,513.22,AU
REC-10059,Christopher Davis,christopher.davis282@example.com,2026-08-03,3570.59,GBP,FAILED,Consulting,178.53,NL
REC-10876,Daniel Johnson,daniel.johnson949@example.com,2026-08-26,2291.11,AUD,PENDING,Subscription,458.22,CH
REC-10706,Robert Johnson,robert.johnson198@example.com,2026-01-24,4981.95,SGD,CANCELLED,Subscription,249.1,NL
REC-10332,Sandra Wilson,sandra.wilson631@example.com,2026-08-28,1094.05,EUR,COMPLETED,Support,0.0,AU
REC-10674,Margaret Jones,margaret.jones138@example.com,2026-01-03,3245.46,CAD,CANCELLED,Training,162.27,AU
REC-10800,Mary Anderson,mary.anderson674@example.com,2026-07-19,2578.65,GBP,COMPLETED,Training,206.29,FR
REC-10898,Jessica Smith,jessica.smith811@example.com,2026-03-05,3921.12,USD,FAILED,Hardware,313.69,DE
REC-10115,Jennifer Williams,jennifer.williams453@example.com,2026-06-19,1502.78,CAD,FAILED,Cloud_Services,120.22,JP
REC-10384,Jennifer Williams,jennifer.williams561@example.com,2026-02-11,2974.21,SGD,COMPLETED,Cloud_Services,297.42,GB
REC-10556,Mark Moore,mark.moore448@example.com,2026-07-08,824.71,CAD,CANCELLED,Cloud_Services,156.69,DE
REC-30001,Robert Rodriguez,robert.rodriguez326@example.com,2026-01-17,3960.98,CAD,FAILED,Subscription,316.88,DE
REC-10416,Sandra Lopez,sandra.lopez520@example.com,2026-05-28,858.23,JPY,PENDING,Consulting,163.06,SG
REC-10265,Joseph Brown,joseph.brown823@example.com,2026-08-25,4200.26,GBP,FAILED,Cloud_Services,210.01,US
REC-10874,Barbara Garcia,barbara.garcia179@example.com,2026-01-26,327.69,USD,PROCESSING,Training,26.22,SG
REC-10887,Lisa Jones,lisa.jones533@example.com,2026-05-07,478.17,GBP,PROCESSING,Consulting,47.32,GB
REC-10262,Lisa Moore,lisa.moore223@example.com,2026-08-07,4348.67,GBP,COMPLETED,Hardware,304.41,DE
REC-10412,Jessica Williams,jessica.williams345@example.com,2026-05-21,1632.43,GBP,FAILED,Hardware,114.27,GB
REC-10476,Lisa Jones,lisa.jones25@example.com,2026-08-23,1665.26,USD,COMPLETED,Hardware,0.0,JP
REC-10519,Christopher Taylor,christopher.taylor294@example.com,2026-01-25,4102.94,SGD,CANCELLED,Subscription,779.56,DE
REC-10691,David Rodriguez,david.rodriguez274@example.com,2026-02-09,3275.17,SGD,PENDING,Training,262.01,CH
REC-10656,Charles Davis,charles.davis176@example.com,2026-02-10,3070.18,JPY,CANCELLED,Subscription,214.91,GB
REC-10743,Christopher Smith,christopher.smith301@example.com,2026-07-22,2711.76,SGD,FAILED,Cloud_Services,135.59,FR
REC-10537,Susan Miller,susan.miller430@example.com,2026-06-12,4273.09,SGD,PENDING,Support,299.12,GB
REC-10548,Lisa Williams,lisa.williams216@example.com,2026-03-13,524.02,SGD,PROCESSING,Subscription,0.0,US
REC-10305,Mark Miller,mark.miller461@example.com,2026-07-13,32.21,EUR,FAILED,Training,1.61,SG
REC-10850,Sarah Martin,sarah.martin391@example.com,2026-02-13,1283.27,AUD,CANCELLED,Subscription,64.16,US
REC-10608,William Johnson,william.johnson641@example.com,2026-05-13,4453.11,USD,PROCESSING,Consulting,890.62,DE
REC-10417,Jessica Jones,jessica.jones759@example.com,2026-05-24,4043.64,EUR,FAILED,Training,808.73,SG
REC-10029,Daniel Moore,daniel.moore678@example.com,2026-08-05,957.59,USD,PROCESSING,Training,47.88,NL
REC-10755,Margaret Anderson,margaret.anderson694@example.com,2026-02-17,1978.17,GBP,PROCESSING,Support,158.25,NL
REC-30072,Daniel Davis,daniel.davis313@example.com,2026-02-10,2038.51,AUD,COMPLETED,Training,142.7,SG
REC-10236,Margaret Taylor,margaret.taylor480@example.com,2026-05-07,4045.98,EUR,CANCELLED,Training,283.22,JP
REC-10750,Jennifer Moore,jennifer.moore309@example.com,2026-02-01,2028.77,AUD,PENDING,Cloud_Services,162.3,CA
REC-10354,Charles Brown,charles.brown518@example.com,2026-03-21,4101.61,JPY,PROCESSING,Subscription,0.0,AU
REC-10585,Anthony Hernandez,anthony.hernandez624@example.com,2026-04-19,2732.67,AUD,PROCESSING,Training,218.61,JP
REC-10207,Matthew Jackson,matthew.jackson427@example.com,2026-01-16,4446.09,GBP,FAILED,Cloud_Services,444.61,DE
REC-10065,Charles Jackson,charles.jackson679@example.com,2026-01-03,3217.32,AUD,CANCELLED,Hardware,160.87,US
REC-30018,Matthew Williams,matthew.williams112@example.com,2026-06-27,722.14,EUR,CANCELLED,Training,137.21,JP
REC-10568,Mary Jackson,mary.jackson803@example.com,2026-08-23,2985.1,AUD,COMPLETED,Hardware,208.96,GB
REC-10448,Patricia Gonzalez,patricia.gonzalez423@example.com,2026-01-18,2750.0,USD,PROCESSING,Support,550.0,JP
REC-10290,Richard Hernandez,richard.hernandez451@example.com,2026-06-14,4079.22,CAD,PROCESSING,Hardware,815.84,JP
REC-10504,Mark Martinez,mark.martinez970@example.com,2026-02-07,2251.52,AUD,CANCELLED,Hardware,180.12,DE
REC-10318,Barbara Moore,barbara.moore288@example.com,2026-03-11,4895.21,GBP,PROCESSING,Consulting,342.66,NL
REC-30024,James Johnson,james.johnson273@example.com,2026-01-22,2916.4,USD,PENDING,Support,0.0,US
REC-10574,Matthew Taylor,matthew.taylor389@example.com,2026-03-01,3102.48,AUD,PROCESSING,Hardware,217.17,CA
REC-10263,Lisa Brown,lisa.brown765@example.com,2026-08-08,3481.18,EUR,CANCELLED,Hardware,661.42,NL
REC-10754,Karen Miller,karen.miller598@example.com,2026-04-26,4678.97,EUR,COMPLETED,Subscription,327.53,NL
REC-10774,Linda Jones,linda.jones878@example.com,2026-03-23,1140.61,EUR,PENDING,Subscription,57.03,AU
REC-10380,Anthony Hernandez,anthony.hernandez458@example.com,2026-01-09,1056.32,USD,FAILED,Consulting,200.7,SG
REC-30042,Jessica Martinez,jessica.martinez722@example.com,2026-07-02,4905.9,EUR,PENDING,Training,343.41,DE
REC-10388,James Miller,james.miller175@example.com,2026-05-03,2373.12,GBP,CANCELLED,Cloud_Services,0.0,FR
REC-10046,Richard Moore,richard.moore340@example.com,2026-01-04,4386.42,EUR,PROCESSING,Consulting,307.05,US
REC-10365,Karen Martin,karen.martin632@example.com,2026-04-21,1482.57,JPY,CANCELLED,Subscription,118.61,SG
REC-10533,Matthew Taylor,matthew.taylor287@example.com,2026-07-08,3753.35,USD,PROCESSING,Cloud_Services,187.67,FR
REC-10287,Mark Davis,mark.davis586@example.com,2026-03-22,1909.85,GBP,FAILED,Consulting,95.49,FR
REC-10015,Patricia Martinez,patricia.martinez446@example.com,2026-03-15,26.19,CAD,FAILED,Support,4.98,GB
REC-10723,Linda Brown,linda.brown334@example.com,2026-04-04,1193.22,AUD,PENDING,Cloud_Services,95.46,DE
REC-10816,Betty Davis,betty.davis958@example.com,2026-07-07,729.95,EUR,FAILED,Cloud_Services,36.5,AU
REC-10216,William Martin,william.martin697@example.com,2026-02-05,4875.66,GBP,FAILED,Support,390.05,CA
REC-10462,Robert Johnson,robert.johnson708@example.com,2026-05-07,3770.43,GBP,CANCELLED,Subscription,0.0,CH
REC-10865,Jennifer Jones,jennifer.jones757@example.com,2026-08-25,2362.73,SGD,PROCESSING,Hardware,472.55,DE
REC-10534,Sarah Johnson,sarah.johnson515@example.com,2026-06-13,4303.4,EUR,CANCELLED,Subscription,860.68,NL
REC-10240,Charles Jackson,charles.jackson12@example.com,2026-05-21,1804.16,USD,COMPLETED,Cloud_Services,90.21,JP
REC-10184,Lisa Smith,lisa.smith366@example.com,2026-02-12,1213.22,CAD,COMPLETED,Support,230.51,CA
REC-10686,Jessica Garcia,jessica.garcia819@example.com,2026-01-11,4920.52,JPY,PENDING,Cloud_Services,246.03,AU
REC-10728,John Wilson,john.wilson878@example.com,2026-08-28,4978.37,SGD,CANCELLED,Consulting,497.84,US
REC-10161,Christopher Williams,christopher.williams630@example.com,2026-07-15,2905.84,CAD,COMPLETED,Cloud_Services,581.17,CH
REC-10843,Mark Thomas,mark.thomas42@example.com,2026-08-12,4944.2,SGD,CANCELLED,Cloud_Services,494.42,SG
REC-10227,Daniel Thomas,daniel.thomas325@example.com,2026-08-12,2806.83,CAD,FAILED,Consulting,561.37,SG
REC-10498,Christopher Williams,christopher.williams530@example.com,2026-05-13,4863.64,JPY,CANCELLED,Consulting,243.18,CA
REC-10826,Linda Taylor,linda.taylor731@example.com,2026-03-28,2974.14,AUD,FAILED,Cloud_Services,237.93,FR
REC-10747,Robert Lopez,robert.lopez292@example.com,2026-08-06,3096.96,CAD,PROCESSING,Consulting,154.85,GB
REC-10627,Karen Garcia,karen.garcia388@example.com,2026-07-02,3843.62,JPY,PENDING,Hardware,269.05,GB
REC-30056,Charles Miller,charles.miller669@example.com,2026-03-03,2816.86,AUD,COMPLETED,Subscription,563.37,SG
REC-10094,James Williams,james.williams235@example.com,2026-01-25,3364.69,JPY,COMPLETED,Hardware,235.53,FR
REC-10631,Karen Smith,karen.smith251@example.com,2026-05-20,3146.89,AUD,PENDING,Subscription,629.38,GB
REC-10237,Daniel Garcia,daniel.garcia15@example.com,2026-06-26,1482.17,AUD,PENDING,Hardware,281.61,CH
REC-10873,Patricia Wilson,updated.patricia.wilson966@example.com,2026-08-10,1181.25,USD,COMPLETED,Consulting,118.12,JP
REC-10654,Sarah Hernandez,sarah.hernandez792@example.com,2026-08-22,597.08,EUR,FAILED,Subscription,29.85,US
REC-10153,Margaret Johnson,margaret.johnson447@example.com,2026-01-15,4606.6,GBP,PROCESSING,Cloud_Services,921.32,CH
REC-10044,Linda Miller,linda.miller837@example.com,2026-08-12,1532.9,AUD,PENDING,Hardware,306.58,US
REC-10437,Anthony Garcia,anthony.garcia896@example.com,2026-01-28,1459.93,CAD,FAILED,Cloud_Services,291.99,SG
REC-10397,Sandra Brown,sandra.brown577@example.com,2026-02-26,1437.6,GBP,CANCELLED,Consulting,143.76,AU
REC-10386,William Martinez,william.martinez305@example.com,2026-04-04,257.68,JPY,CANCELLED,Hardware,25.77,US
REC-10284,Patricia Williams,patricia.williams6@example.com,2026-05-15,1805.99,USD,PENDING,Subscription,126.42,GB
REC-10650,Michael Hernandez,michael.hernandez946@example.com,2026-08-24,4370.66,AUD,FAILED,Hardware,305.95,SG
REC-10070,Lisa Brown,lisa.brown797@example.com,2026-03-10,549.41,GBP,PROCESSING,Training,0.0,AU
REC-10429,Jennifer Brown,jennifer.brown376@example.com,2026-01-13,4383.96,AUD,PROCESSING,Support,306.88,US
REC-10649,Barbara Johnson,barbara.johnson797@example.com,2026-04-03,2224.43,AUD,CANCELLED,Support,0.0,GB
REC-10350,Lisa Martin,lisa.martin249@example.com,2026-08-12,2962.54,AUD,PENDING,Training,237.0,NL
REC-10859,Susan Martinez,susan.martinez322@example.com,2026-08-10,3354.6,AUD,FAILED,Consulting,335.46,GB
REC-10796,Jessica Jackson,jessica.jackson995@example.com,2026-07-20,3385.67,GBP,FAILED,Subscription,677.13,US
REC-10166,John Jackson,john.jackson680@example.com,2026-03-12,1558.06,CAD,CANCELLED,Hardware,296.03,CH
REC-10404,Mark Miller,mark.miller858@example.com,2026-01-08,175.02,GBP,PENDING,Consulting,0.0,CA
REC-10224,Daniel Jones,daniel.jones532@example.com,2026-04-18,1632.0,SGD,PROCESSING,Cloud_Services,310.08,CA
REC-10289,Linda Thomas,linda.thomas609@example.com,2026-04-15,543.79,USD,CANCELLED,Consulting,38.07,CH
REC-10089,Sarah Williams,sarah.williams161@example.com,2026-01-14,2258.01,SGD,FAILED,Subscription,225.8,DE
REC-10160,Mary Lopez,mary.lopez520@example.com,2026-02-10,2314.1,USD,FAILED,Consulting,0.0,SG
REC-10779,Charles Williams,charles.williams102@example.com,2026-01-17,1092.82,GBP,PENDING,Support,54.64,US
REC-10639,Mark Martin,mark.martin239@example.com,2026-05-07,17.89,SGD,COMPLETED,Training,0.0,DE
REC-10677,Karen Smith,karen.smith592@example.com,2026-08-28,3657.26,JPY,FAILED,Cloud_Services,694.88,NL
REC-10793,Susan Brown,susan.brown393@example.com,2026-08-11,4265.84,SGD,COMPLETED,Subscription,341.27,GB
REC-30011,Jessica Gonzalez,jessica.gonzalez948@example.com,2026-07-13,4852.76,SGD,CANCELLED,Consulting,339.69,CH
REC-10217,Matthew Jones,matthew.jones204@example.com,2026-07-17,210.87,EUR,FAILED,Cloud_Services,0.0,NL
REC-30046,Joseph Garcia,joseph.garcia592@example.com,2026-03-15,3482.82,EUR,PENDING,Hardware,243.8,DE
REC-10731,Thomas Gonzalez,thomas.gonzalez491@example.com,2026-02-15,2481.47,JPY,COMPLETED,Training,0.0,AU
REC-30062,Nancy Wilson,nancy.wilson963@example.com,2026-03-18,1026.78,CAD,FAILED,Training,195.09,DE
REC-10824,Barbara Wilson,barbara.wilson617@example.com,2026-06-15,3479.1,USD,PENDING,Training,695.82,FR
REC-30057,Thomas Martinez,thomas.martinez373@example.com,2026-03-14,4885.74,USD,PENDING,Consulting,928.29,US
REC-10817,William Jackson,william.jackson58@example.com,2026-08-18,1879.78,GBP,PROCESSING,Cloud_Services,0.0,FR
REC-10655,Karen Moore,karen.moore527@example.com,2026-02-07,2717.22,GBP,FAILED,Hardware,271.72,JP
REC-10554,Elizabeth Smith,elizabeth.smith1@example.com,2026-03-12,1440.94,USD,CANCELLED,Cloud_Services,144.09,JP
REC-30058,Thomas Martinez,thomas.martinez675@example.com,2026-08-05,2889.59,GBP,PROCESSING,Consulting,549.02,CH
REC-10042,Sandra Davis,sandra.davis886@example.com,2026-03-26,4055.75,USD,PENDING,Training,324.46,CA
REC-10300,James Thomas,james.thomas108@example.com,2026-05-14,4603.53,USD,PENDING,Consulting,0.0,JP
REC-10475,Michael Miller,michael.miller886@example.com,2026-07-27,528.59,AUD,CANCELLED,Training,52.86,SG
REC-30098,Barbara Lopez,barbara.lopez761@example.com,2026-06-08,3254.74,JPY,CANCELLED,Subscription,162.74,SG
REC-10376,Betty Thomas,betty.thomas665@example.com,2026-06-06,3538.84,CAD,PROCESSING,Consulting,353.88,DE
REC-10074,Lisa Taylor,lisa.taylor989@example.com,2026-05-20,4042.91,AUD,CANCELLED,Cloud_Services,404.29,AU
REC-10139,Mark Davis,mark.davis424@example.com,2026-06-27,2272.96,CAD,COMPLETED,Consulting,181.84,AU
REC-10635,Mark Gonzalez,mark.gonzalez840@example.com,2026-02-25,2142.35,USD,FAILED,Cloud_Services,214.24,GB
REC-10749,Barbara Garcia,barbara.garcia211@example.com,2026-01-22,1591.55,EUR,FAILED,Cloud_Services,111.41,NL
REC-10702,Richard Williams,richard.williams554@example.com,2026-04-01,1928.28,AUD,CANCELLED,Subscription,366.37,CH
REC-10738,Robert Hernandez,robert.hernandez245@example.com,2026-02-21,2397.68,JPY,PENDING,Training,479.54,DE
REC-10394,Robert Johnson,robert.johnson434@example.com,2026-02-22,2182.61,CAD,PENDING,Support,436.52,JP
REC-10492,Jessica Jones,jessica.jones375@example.com,2026-07-08,4458.27,CAD,FAILED,Hardware,445.83,FR
REC-10258,Daniel Wilson,daniel.wilson419@example.com,2026-03-10,1888.54,JPY,CANCELLED,Hardware,377.71,DE
REC-10596,Matthew Jones,matthew.jones493@example.com,2026-04-16,1982.64,EUR,PROCESSING,Support,198.26,NL
REC-10522,Nancy Gonzalez,nancy.gonzalez416@example.com,2026-04-17,86.68,USD,COMPLETED,Support,16.47,JP
REC-10180,Linda Martinez,linda.martinez125@example.com,2026-01-08,2104.93,JPY,CANCELLED,Subscription,420.99,SG
REC-10667,Karen Brown,karen.brown702@example.com,2026-07-11,2476.53,USD,COMPLETED,Hardware,470.54,GB
REC-10129,Sarah Lopez,sarah.lopez63@example.com,2026-07-09,957.14,AUD,CANCELLED,Subscription,0.0,DE
REC-10026,William Anderson,william.anderson256@example.com,2026-02-15,4042.03,JPY,COMPLETED,Subscription,808.41,NL
REC-10001,Christopher Brown,christopher.brown26@example.com,2026-05-08,1123.82,USD,PROCESSING,Subscription,213.53,CH
REC-10478,James Gonzalez,james.gonzalez690@example.com,2026-02-18,39.44,JPY,COMPLETED,Training,7.49,CH
REC-10339,John Moore,john.moore551@example.com,2026-03-09,427.15,JPY,PENDING,Hardware,0.0,NL
REC-30087,Jessica Moore,jessica.moore508@example.com,2026-03-11,3757.94,SGD,PROCESSING,Training,751.59,AU
REC-10879,Patricia Miller,updated.patricia.miller450@example.com,2026-07-25,3847.48,AUD,CANCELLED,Consulting,192.37,JP
REC-10003,Susan Davis,susan.davis460@example.com,2026-05-26,4347.81,AUD,PENDING,Training,869.56,AU
REC-30080,Richard Miller,richard.miller946@example.com,2026-05-21,2582.49,SGD,PROCESSING,Cloud_Services,0.0,US
REC-10518,Susan Williams,susan.williams66@example.com,2026-05-08,1860.47,USD,CANCELLED,Cloud_Services,186.05,CH
REC-10028,Margaret Gonzalez,margaret.gonzalez925@example.com,2026-01-06,1901.08,GBP,CANCELLED,Consulting,152.09,AU
REC-10064,Nancy Gonzalez,nancy.gonzalez742@example.com,2026-03-27,2342.28,JPY,PROCESSING,Subscription,117.11,AU
REC-10710,Joseph Martin,joseph.martin175@example.com,2026-02-27,4089.18,SGD,PROCESSING,Support,0.0,DE
REC-10423,Jessica Williams,jessica.williams133@example.com,2026-07-21,2152.75,SGD,CANCELLED,Subscription,172.22,US
REC-10145,Nancy Moore,nancy.moore27@example.com,2026-05-01,910.28,AUD,FAILED,Consulting,172.95,CA
REC-10614,Elizabeth Anderson,elizabeth.anderson764@example.com,2026-05-05,3897.75,EUR,PENDING,Subscription,0.0,CH
REC-10021,David Smith,david.smith603@example.com,2026-04-19,1108.88,CAD,COMPLETED,Hardware,0.0,SG
REC-10659,John Anderson,john.anderson582@example.com,2026-03-03,4066.13,SGD,COMPLETED,Cloud_Services,772.56,JP
REC-10008,Barbara Miller,barbara.miller687@example.com,2026-05-23,4683.91,USD,PROCESSING,Training,889.94,GB
REC-10546,Daniel Rodriguez,daniel.rodriguez620@example.com,2026-07-09,4439.58,AUD,FAILED,Training,887.92,CH
REC-10669,Karen Jackson,karen.jackson458@example.com,2026-04-07,3410.77,GBP,PROCESSING,Training,238.75,JP
REC-10034,James Anderson,james.anderson637@example.com,2026-02-03,2692.8,GBP,PENDING,Consulting,269.28,SG
REC-10717,Jennifer Martin,jennifer.martin709@example.com,2026-01-20,908.2,JPY,COMPLETED,Training,72.66,JP
REC-10250,Nancy Moore,nancy.moore137@example.com,2026-06-04,900.58,SGD,PROCESSING,Hardware,90.06,DE
REC-10156,Lisa Hernandez,lisa.hernandez227@example.com,2026-06-25,848.98,CAD,COMPLETED,Support,84.9,NL
REC-10084,Patricia Smith,patricia.smith588@example.com,2026-05-16,2398.78,EUR,COMPLETED,Consulting,167.91,FR
REC-10573,Jennifer Williams,jennifer.williams544@example.com,2026-03-15,1485.41,JPY,FAILED,Cloud_Services,103.98,US
REC-10286,Betty Hernandez,betty.hernandez885@example.com,2026-07-01,1466.32,AUD,COMPLETED,Training,117.31,NL
REC-10683,Charles Johnson,charles.johnson673@example.com,2026-05-26,3689.53,GBP,CANCELLED,Subscription,0.0,GB
REC-10875,Linda Thomas,linda.thomas265@example.com,2026-06-26,1787.65,AUD,PROCESSING,Consulting,0.0,GB
REC-10268,Lisa Thomas,lisa.thomas472@example.com,2026-03-24,3976.93,EUR,PROCESSING,Cloud_Services,198.85,GB
REC-10701,William Jones,william.jones717@example.com,2026-06-13,2877.45,CAD,CANCELLED,Cloud_Services,287.75,AU
REC-10689,Nancy Gonzalez,nancy.gonzalez486@example.com,2026-05-05,2656.91,USD,FAILED,Cloud_Services,212.55,AU
REC-10860,Michael Garcia,michael.garcia81@example.com,2026-05-28,3370.31,JPY,COMPLETED,Subscription,274.12,AU
REC-10076,Charles Martin,charles.martin685@example.com,2026-07-11,153.21,GBP,PENDING,Cloud_Services,30.64,DE
REC-10351,Matthew Davis,matthew.davis155@example.com,2026-01-14,129.31,GBP,COMPLETED,Consulting,12.93,US
REC-10256,Mark Jones,mark.jones677@example.com,2026-04-14,1509.5,JPY,PROCESSING,Training,0.0,GB
REC-10809,David Williams,david.williams650@example.com,2026-04-28,2068.07,GBP,PENDING,Consulting,413.61,CH
REC-10057,Nancy Taylor,nancy.taylor573@example.com,2026-06-25,4458.22,AUD,PROCESSING,Cloud_Services,445.82,NL
REC-10148,John Johnson,john.johnson160@example.com,2026-03-25,3093.01,USD,FAILED,Cloud_Services,587.67,AU
REC-30044,Richard Hernandez,richard.hernandez433@example.com,2026-08-12,3790.99,USD,PROCESSING,Training,303.28,JP
REC-10471,David Lopez,david.lopez301@example.com,2026-04-25,3095.22,JPY,COMPLETED,Subscription,247.62,CA
REC-10406,Karen Anderson,karen.anderson182@example.com,2026-08-19,2761.16,EUR,FAILED,Training,193.28,SG
REC-10856,Robert Martinez,robert.martinez862@example.com,2026-04-17,2144.38,USD,PROCESSING,Training,214.44,US
REC-10233,Elizabeth Johnson,elizabeth.johnson930@example.com,2026-02-21,2874.93,CAD,COMPLETED,Hardware,287.49,AU
REC-10891,Barbara Martinez,updated.barbara.martinez292@example.com,2026-03-23,1894.55,EUR,COMPLETED,Consulting,359.96,NL
REC-10695,Daniel Brown,daniel.brown89@example.com,2026-03-13,3285.41,JPY,PENDING,Subscription,624.23,GB
REC-10063,Lisa Moore,lisa.moore820@example.com,2026-04-16,1104.91,SGD,COMPLETED,Cloud_Services,88.39,CA
REC-10314,Sarah Taylor,sarah.taylor116@example.com,2026-02-09,3877.81,GBP,PROCESSING,Subscription,775.56,FR
REC-10428,Sandra Gonzalez,sandra.gonzalez20@example.com,2026-04-08,3638.57,EUR,COMPLETED,Support,181.93,NL
REC-10819,Christopher Martin,christopher.martin36@example.com,2026-01-23,4588.11,EUR,FAILED,Support,871.74,AU
REC-10539,Robert Jones,robert.jones485@example.com,2026-01-06,2113.39,AUD,PROCESSING,Support,105.67,CA
REC-10267,Michael Hernandez,michael.hernandez236@example.com,2026-07-19,4168.48,JPY,FAILED,Consulting,333.48,FR
REC-10297,Nancy Lopez,nancy.lopez171@example.com,2026-01-19,4918.2,CAD,CANCELLED,Consulting,934.46,AU
REC-10671,Mary Lopez,mary.lopez923@example.com,2026-01-01,3519.74,GBP,COMPLETED,Consulting,703.95,US
REC-10795,Charles Thomas,charles.thomas676@example.com,2026-08-16,2815.65,JPY,COMPLETED,Cloud_Services,140.78,JP
REC-10159,Christopher Martin,christopher.martin331@example.com,2026-06-05,2204.42,SGD,FAILED,Consulting,176.35,CH
REC-10736,Karen Hernandez,karen.hernandez754@example.com,2026-01-17,4727.16,GBP,COMPLETED,Subscription,898.16,AU
REC-10555,James Wilson,james.wilson818@example.com,2026-05-20,1163.76,JPY,FAILED,Hardware,0.0,AU
REC-10845,Anthony Rodriguez,anthony.rodriguez577@example.com,2026-04-19,4990.04,JPY,PROCESSING,Hardware,0.0,AU
REC-10624,Matthew Jackson,matthew.jackson961@example.com,2026-03-13,2073.66,USD,PENDING,Cloud_Services,165.89,CH
REC-10201,Elizabeth Gonzalez,elizabeth.gonzalez735@example.com,2026-08-17,2059.87,AUD,PROCESSING,Subscription,164.79,GB
REC-30030,Linda Martin,linda.martin497@example.com,2026-07-24,3066.84,GBP,CANCELLED,Cloud_Services,0.0,SG
REC-10455,Jessica Taylor,jessica.taylor800@example.com,2026-03-23,2896.99,AUD,PENDING,Subscription,550.43,AU
REC-10179,William Miller,william.miller856@example.com,2026-03-18,4701.73,JPY,CANCELLED,Subscription,470.17,JP
REC-10505,Anthony Wilson,anthony.wilson616@example.com,2026-03-26,2917.4,EUR,PROCESSING,Training,583.48,NL
REC-10707,Christopher Martinez,christopher.martinez512@example.com,2026-08-01,194.84,GBP,COMPLETED,Cloud_Services,0.0,SG
REC-10136,Nancy Brown,nancy.brown503@example.com,2026-08-03,4497.34,JPY,PENDING,Subscription,314.81,GB
REC-10090,Elizabeth Martinez,elizabeth.martinez720@example.com,2026-08-03,3440.05,AUD,PROCESSING,Training,240.8,DE
REC-10270,Robert Davis,robert.davis70@example.com,2026-03-01,1101.41,GBP,COMPLETED,Support,88.11,CH
REC-10449,Mark Taylor,mark.taylor576@example.com,2026-04-21,3360.66,GBP,COMPLETED,Hardware,235.25,FR
REC-10491,Christopher Smith,christopher.smith833@example.com,2026-07-25,2954.28,JPY,FAILED,Support,0.0,NL
REC-10231,Nancy Taylor,nancy.taylor232@example.com,2026-04-02,509.99,CAD,CANCELLED,Subscription,35.7,GB
REC-10468,David Anderson,david.anderson727@example.com,2026-03-02,776.98,JPY,COMPLETED,Training,54.39,CH
REC-30004,Christopher Jones,christopher.jones961@example.com,2026-04-05,467.88,JPY,PENDING,Hardware,46.79,NL
REC-30019,James Garcia,james.garcia836@example.com,2026-08-01,493.38,CAD,CANCELLED,Support,98.68,AU
REC-10348,Thomas Johnson,thomas.johnson184@example.com,2026-04-26,2583.71,SGD,COMPLETED,Cloud_Services,0.0,JP
REC-10684,Thomas Williams,thomas.williams872@example.com,2026-05-09,671.37,GBP,FAILED,Subscription,47.0,SG
REC-10450,David Moore,david.moore786@example.com,2026-08-23,3289.26,SGD,COMPLETED,Subscription,624.96,DE
REC-10141,Patricia Lopez,patricia.lopez832@example.com,2026-03-18,309.31,JPY,FAILED,Training,30.93,SG
REC-10778,Robert Rodriguez,robert.rodriguez972@example.com,2026-06-12,811.18,AUD,PROCESSING,Hardware,81.12,NL
REC-10056,Jennifer Taylor,jennifer.taylor476@example.com,2026-01-18,1253.5,USD,CANCELLED,Hardware,250.7,FR
REC-10835,Nancy Miller,nancy.miller731@example.com,2026-07-23,2122.22,GBP,COMPLETED,Subscription,212.22,NL
REC-10387,Barbara Smith,barbara.smith438@example.com,2026-02-10,4121.25,JPY,CANCELLED,Hardware,783.04,SG
REC-10625,Mark Miller,mark.miller904@example.com,2026-08-03,1257.91,CAD,PENDING,Training,239.0,SG
REC-10092,Jennifer Martinez,jennifer.martinez610@example.com,2026-05-15,630.52,GBP,CANCELLED,Consulting,119.8,NL
REC-10212,Lisa Hernandez,lisa.hernandez195@example.com,2026-03-16,4979.89,SGD,FAILED,Cloud_Services,398.39,US
REC-10369,Thomas Lopez,thomas.lopez786@example.com,2026-04-06,509.67,EUR,FAILED,Support,96.84,US
REC-10681,Thomas Thomas,thomas.thomas588@example.com,2026-06-14,1771.04,GBP,FAILED,Hardware,354.21,US
REC-10251,Anthony Smith,anthony.smith775@example.com,2026-01-10,2320.39,JPY,CANCELLED,Support,440.87,AU
REC-10032,Karen Johnson,karen.johnson635@example.com,2026-02-14,3290.29,JPY,FAILED,Consulting,329.03,DE
REC-10510,Charles Jackson,charles.jackson101@example.com,2026-07-05,1280.04,EUR,COMPLETED,Consulting,256.01,CH
REC-10366,William Gonzalez,william.gonzalez141@example.com,2026-07-07,3216.84,JPY,PENDING,Training,643.37,NL
REC-10571,James Gonzalez,james.gonzalez367@example.com,2026-03-09,4494.33,CAD,CANCELLED,Support,359.55,JP
REC-10594,Joseph Martin,joseph.martin590@example.com,2026-02-08,2165.36,SGD,PENDING,Hardware,433.07,CA
REC-10421,David Wilson,david.wilson584@example.com,2026-08-05,1588.75,EUR,COMPLETED,Cloud_Services,301.86,CA
REC-10730,Mark Smith,mark.smith428@example.com,2026-01-02,4956.45,AUD,PROCESSING,Subscription,941.73,AU
REC-10566,William Thomas,william.thomas654@example.com,2026-05-07,1808.53,AUD,PENDING,Subscription,0.0,DE
REC-10739,David Lopez,david.lopez920@example.com,2026-05-17,3404.33,USD,COMPLETED,Consulting,238.3,CA
REC-10116,Michael Gonzalez,michael.gonzalez874@example.com,2026-08-04,1193.66,GBP,PROCESSING,Consulting,119.37,JP
REC-30099,Robert Martin,robert.martin124@example.com,2026-01-19,4841.97,AUD,PENDING,Hardware,919.97,FR
REC-10634,Charles Moore,charles.moore182@example.com,2026-08-24,2899.04,USD,FAILED,Consulting,0.0,CA
REC-10792,Elizabeth Thomas,elizabeth.thomas503@example.com,2026-05-18,1724.64,JPY,PROCESSING,Subscription,344.93,US
REC-10708,Michael Taylor,michael.taylor470@example.com,2026-03-24,2900.94,USD,PENDING,Cloud_Services,0.0,US
REC-30033,Michael Garcia,michael.garcia772@example.com,2026-02-04,2180.12,USD,PENDING,Consulting,414.22,AU
REC-10470,John Taylor,john.taylor164@example.com,2026-07-18,2689.81,GBP,PENDING,Hardware,0.0,CA
REC-30077,Mary Martin,mary.martin460@example.com,2026-03-22,4651.62,JPY,PENDING,Hardware,930.32,SG
REC-10900,Charles Anderson,charles.anderson922@example.com,2026-06-26,1892.76,CAD,CANCELLED,Hardware,378.55,GB
REC-10499,Jessica Thomas,jessica.thomas909@example.com,2026-01-17,4411.35,EUR,PENDING,Subscription,352.91,NL
REC-10264,David Martinez,david.martinez390@example.com,2026-08-18,3247.12,GBP,FAILED,Support,227.3,FR
REC-10360,William Garcia,william.garcia32@example.com,2026-07-28,2266.48,JPY,PENDING,Subscription,430.63,FR
REC-10503,Robert Johnson,robert.johnson171@example.com,2026-05-06,2588.04,JPY,PROCESSING,Training,207.04,US
REC-30007,Richard Gonzalez,richard.gonzalez172@example.com,2026-08-15,2119.26,CAD,CANCELLED,Hardware,211.93,FR
REC-10344,Thomas Williams,thomas.williams270@example.com,2026-02-16,2281.44,USD,CANCELLED,Support,159.7,GB
REC-30068,Mark Johnson,mark.johnson175@example.com,2026-06-25,1953.92,AUD,PROCESSING,Support,136.77,CH
REC-10103,Margaret Williams,margaret.williams283@example.com,2026-07-11,4671.9,GBP,COMPLETED,Consulting,467.19,JP
REC-10584,Sarah Martin,sarah.martin454@example.com,2026-06-11,2754.91,AUD,FAILED,Cloud_Services,192.84,AU
REC-10812,Jennifer Johnson,jennifer.johnson987@example.com,2026-08-26,109.34,USD,FAILED,Support,21.87,JP
REC-30003,Thomas Hernandez,thomas.hernandez188@example.com,2026-08-21,40.15,SGD,COMPLETED,Hardware,8.03,US
REC-10863,Robert Smith,robert.smith196@example.com,2026-02-27,78.77,AUD,COMPLETED,Hardware,4.46,FR
REC-10538,Charles Davis,charles.davis834@example.com,2026-02-24,1357.05,JPY,CANCELLED,Cloud_Services,67.85,DE
REC-10234,Mark Garcia,mark.garcia957@example.com,2026-01-27,1991.0,EUR,FAILED,Subscription,159.28,US
REC-10298,Patricia Smith,patricia.smith101@example.com,2026-05-08,2558.27,JPY,PROCESSING,Training,255.83,CH
REC-10018,Mary Davis,mary.davis900@example.com,2026-02-03,3662.22,USD,PROCESSING,Hardware,732.44,GB
REC-10047,Patricia Martin,patricia.martin445@example.com,2026-06-24,3934.28,JPY,PROCESSING,Subscription,314.74,AU
REC-10839,Daniel Taylor,daniel.taylor444@example.com,2026-03-09,593.04,EUR,CANCELLED,Consulting,0.0,CA
REC-10484,Nancy Jackson,nancy.jackson873@example.com,2026-01-28,3757.7,SGD,PROCESSING,Subscription,375.77,JP
REC-10254,Linda Johnson,linda.johnson412@example.com,2026-08-08,2703.4,AUD,COMPLETED,Hardware,540.68,NL
REC-10501,Susan Hernandez,susan.hernandez738@example.com,2026-02-16,3379.39,EUR,PROCESSING,Hardware,270.35,AU
REC-10002,Susan Johnson,susan.johnson31@example.com,2026-02-07,1170.98,USD,PROCESSING,Hardware,117.1,NL
REC-10569,Jessica Williams,jessica.williams703@example.com,2026-06-25,3129.41,GBP,PENDING,Training,0.0,NL
REC-10647,Karen Brown,karen.brown886@example.com,2026-05-23,4290.52,USD,FAILED,Cloud_Services,815.2,SG
REC-10871,Mark Martinez,mark.martinez741@example.com,2026-08-25,4167.07,CAD,FAILED,Cloud_Services,791.74,GB
REC-10578,Thomas Martin,thomas.martin719@example.com,2026-05-02,1838.11,CAD,COMPLETED,Subscription,183.81,DE
REC-10079,Joseph Smith,joseph.smith96@example.com,2026-05-08,2027.96,GBP,PROCESSING,Consulting,101.4,FR
REC-10711,John Miller,john.miller437@example.com,2026-06-26,4181.12,CAD,CANCELLED,Consulting,794.41,SG
REC-10182,James Martin,james.martin362@example.com,2026-04-19,2088.67,CAD,COMPLETED,Support,396.85,CA
REC-10862,Elizabeth Martin,elizabeth.martin833@example.com,2026-06-23,3372.28,CAD,CANCELLED,Hardware,640.73,SG
REC-10343,Jennifer Lopez,jennifer.lopez130@example.com,2026-05-24,4433.21,USD,FAILED,Cloud_Services,886.64,JP
REC-10439,Mark Williams,mark.williams382@example.com,2026-06-06,578.02,SGD,FAILED,Cloud_Services,46.24,FR
REC-10486,Patricia Martinez,patricia.martinez635@example.com,2026-02-07,1595.75,GBP,PROCESSING,Training,127.66,JP
REC-10697,William Garcia,william.garcia800@example.com,2026-02-09,3887.76,SGD,FAILED,Subscription,311.02,JP
REC-10146,James Garcia,james.garcia891@example.com,2026-03-19,3290.15,EUR,COMPLETED,Subscription,0.0,NL
REC-10467,Patricia Gonzalez,patricia.gonzalez42@example.com,2026-07-09,2787.43,EUR,PROCESSING,Consulting,139.37,US
REC-10341,John Wilson,john.wilson119@example.com,2026-08-20,3048.07,CAD,PENDING,Subscription,213.36,US
REC-10727,Linda Martinez,linda.martinez619@example.com,2026-03-26,3974.88,EUR,PROCESSING,Support,397.49,DE
REC-10171,Mary Wilson,mary.wilson374@example.com,2026-04-15,3056.87,CAD,CANCELLED,Hardware,611.37,NL
REC-10797,Charles Johnson,charles.johnson132@example.com,2026-06-12,4049.67,USD,FAILED,Cloud_Services,404.97,SG
REC-10323,Lisa Anderson,lisa.anderson651@example.com,2026-06-28,326.02,SGD,PENDING,Cloud_Services,32.6,DE
REC-10737,Barbara Anderson,barbara.anderson634@example.com,2026-01-12,1838.5,JPY,COMPLETED,Support,349.31,DE
REC-10604,Joseph Smith,joseph.smith69@example.com,2026-07-22,1363.84,CAD,FAILED,Subscription,272.77,US
REC-10313,James Davis,james.davis300@example.com,2026-01-09,1131.97,EUR,CANCELLED,Support,79.24,FR
REC-10489,Joseph Lopez,joseph.lopez794@example.com,2026-05-16,2762.84,CAD,PROCESSING,Subscription,138.14,JP
REC-10516,Lisa Davis,lisa.davis458@example.com,2026-03-04,1080.15,AUD,FAILED,Support,86.41,CH
REC-10190,Barbara Taylor,barbara.taylor274@example.com,2026-02-24,2128.25,JPY,PENDING,Support,170.26,JP
REC-10097,Elizabeth Gonzalez,elizabeth.gonzalez834@example.com,2026-01-15,449.42,GBP,COMPLETED,Cloud_Services,31.46,NL
REC-10004,David Rodriguez,david.rodriguez160@example.com,2026-04-25,1689.61,SGD,COMPLETED,Consulting,0.0,CA
REC-10587,Mark Martinez,mark.martinez7@example.com,2026-05-08,1081.97,USD,FAILED,Support,75.74,NL
REC-10295,Betty Gonzalez,betty.gonzalez76@example.com,2026-08-20,2401.38,JPY,PROCESSING,Training,192.11,AU
REC-30100,Sandra Brown,sandra.brown77@example.com,2026-06-10,3629.5,EUR,PROCESSING,Training,725.9,GB
REC-10209,Michael Hernandez,michael.hernandez622@example.com,2026-03-11,4308.81,CAD,FAILED,Cloud_Services,301.62,GB
REC-10831,Daniel Taylor,daniel.taylor446@example.com,2026-08-27,3371.31,EUR,PENDING,Hardware,0.0,JP
REC-10703,Sarah Lopez,sarah.lopez342@example.com,2026-05-13,285.42,USD,FAILED,Support,54.23,CA
REC-30051,William Anderson,william.anderson377@example.com,2026-01-04,591.97,SGD,PROCESSING,Hardware,0.0,US
REC-30064,Karen Davis,karen.davis80@example.com,2026-05-04,2662.04,JPY,CANCELLED,Subscription,505.79,CA
REC-30070,Robert Gonzalez,robert.gonzalez582@example.com,2026-05-02,4593.02,GBP,PENDING,Training,872.67,CH
REC-10899,Anthony Thomas,anthony.thomas3@example.com,2026-02-18,1849.76,USD,CANCELLED,Cloud_Services,349.95,CH
REC-30081,Barbara Smith,barbara.smith631@example.com,2026-08-11,1498.77,USD,FAILED,Training,0.0,GB
REC-10402,Michael Wilson,michael.wilson759@example.com,2026-08-25,2587.34,AUD,COMPLETED,Support,181.11,GB
REC-10415,Lisa Johnson,lisa.johnson598@example.com,2026-04-11,3635.48,CAD,PROCESSING,Training,181.77,FR
REC-10713,David Williams,david.williams124@example.com,2026-05-05,3790.17,CAD,FAILED,Support,189.51,GB
REC-10896,Joseph Thomas,joseph.thomas34@example.com,2026-03-18,1852.97,JPY,CANCELLED,Subscription,4.5,SG
REC-10104,Anthony Jackson,anthony.jackson594@example.com,2026-08-28,751.49,SGD,FAILED,Consulting,75.15,NL
REC-10545,Charles Gonzalez,charles.gonzalez870@example.com,2026-02-03,818.38,GBP,FAILED,Training,40.92,JP
REC-10858,Matthew Taylor,matthew.taylor17@example.com,2026-02-24,3311.28,AUD,COMPLETED,Cloud_Services,165.56,US
REC-10245,Jennifer Hernandez,jennifer.hernandez875@example.com,2026-08-04,3404.67,JPY,CANCELLED,Subscription,646.89,NL
REC-10273,Sandra Brown,sandra.brown537@example.com,2026-03-08,967.74,GBP,FAILED,Consulting,96.77,AU
REC-10884,Elizabeth Wilson,elizabeth.wilson412@example.com,2026-05-24,3716.06,USD,FAILED,Support,264.62,CH
REC-10037,Elizabeth Martin,elizabeth.martin216@example.com,2026-06-07,3440.61,GBP,PROCESSING,Cloud_Services,688.12,JP
REC-10789,Robert Anderson,robert.anderson111@example.com,2026-02-09,2451.81,CAD,PENDING,Subscription,122.59,SG
REC-10889,Anthony Lopez,anthony.lopez266@example.com,2026-08-25,248.19,USD,CANCELLED,Consulting,47.16,CH
REC-10756,Mary Lopez,mary.lopez408@example.com,2026-03-23,4270.48,SGD,FAILED,Subscription,298.93,JP
REC-10748,Jennifer Jones,jennifer.jones166@example.com,2026-04-04,215.35,JPY,PENDING,Cloud_Services,15.07,JP
REC-10255,Elizabeth Davis,elizabeth.davis836@example.com,2026-06-19,2993.61,AUD,FAILED,Hardware,568.79,JP
REC-10052,Betty Jackson,betty.jackson622@example.com,2026-06-15,2214.51,EUR,PROCESSING,Cloud_Services,420.76,GB
REC-10112,Barbara Lopez,barbara.lopez442@example.com,2026-03-08,2660.52,CAD,PENDING,Hardware,266.05,GB
REC-30025,Richard Martin,richard.martin533@example.com,2026-05-16,2371.43,JPY,CANCELLED,Consulting,166.0,CA
REC-10532,Margaret Thomas,margaret.thomas381@example.com,2026-06-16,4491.62,AUD,FAILED,Cloud_Services,449.16,GB
REC-10776,Betty Taylor,betty.taylor608@example.com,2026-01-16,603.42,USD,COMPLETED,Consulting,42.24,US
REC-10543,Charles Moore,charles.moore179@example.com,2026-05-12,1632.2,SGD,CANCELLED,Subscription,163.22,AU
REC-10283,John Rodriguez,john.rodriguez158@example.com,2026-07-23,3921.61,CAD,CANCELLED,Consulting,196.08,CA
REC-10609,Robert Hernandez,robert.hernandez919@example.com,2026-07-22,694.93,SGD,PROCESSING,Training,132.04,CH
REC-10181,Anthony Thomas,anthony.thomas612@example.com,2026-01-21,2581.72,CAD,PENDING,Consulting,129.09,AU
REC-10805,Barbara Williams,barbara.williams668@example.com,2026-05-17,4022.59,CAD,PROCESSING,Consulting,321.81,DE
REC-10194,John Davis,john.davis798@example.com,2026-06-12,1920.44,USD,PROCESSING,Hardware,192.04,FR
REC-30055,Jennifer Martin,jennifer.martin712@example.com,2026-03-01,2778.06,GBP,COMPLETED,Subscription,555.61,GB
REC-10199,Betty Lopez,betty.lopez521@example.com,2026-04-04,4925.81,EUR,PENDING,Cloud_Services,985.16,US
REC-10433,Patricia Martinez,patricia.martinez117@example.com,2026-02-16,1001.25,AUD,FAILED,Support,50.06,DE
REC-10392,Sarah Thomas,sarah.thomas587@example.com,2026-04-16,1501.27,AUD,COMPLETED,Support,120.1,CH
REC-10832,Elizabeth Thomas,elizabeth.thomas392@example.com,2026-03-14,4283.13,EUR,FAILED,Training,428.31,DE
REC-10101,Linda Brown,linda.brown473@example.com,2026-02-21,4162.39,CAD,FAILED,Support,332.99,JP
REC-10379,Patricia Thomas,patricia.thomas145@example.com,2026-06-24,398.26,GBP,PENDING,Training,27.88,SG
REC-10280,Thomas Lopez,thomas.lopez55@example.com,2026-02-14,1168.4,GBP,PROCESSING,Support,0.0,CH
REC-10452,Robert Wilson,robert.wilson110@example.com,2026-05-20,987.65,AUD,CANCELLED,Hardware,0.0,FR
REC-10055,Michael Gonzalez,michael.gonzalez507@example.com,2026-07-08,746.38,USD,COMPLETED,Cloud_Services,141.81,DE
REC-10342,Daniel Jones,daniel.jones719@example.com,2026-01-06,2487.1,JPY,PROCESSING,Training,174.1,JP
REC-10521,Nancy Johnson,nancy.johnson369@example.com,2026-04-21,11.43,USD,FAILED,Cloud_Services,0.57,CA
REC-10641,Daniel Martinez,daniel.martinez261@example.com,2026-02-10,1508.42,GBP,COMPLETED,Subscription,150.84,CA
REC-10515,Sarah Thomas,sarah.thomas260@example.com,2026-05-19,1728.34,SGD,PENDING,Training,328.38,SG
REC-10407,Elizabeth Smith,elizabeth.smith396@example.com,2026-01-06,4270.57,EUR,PENDING,Training,854.11,DE
REC-10155,John Wilson,john.wilson865@example.com,2026-02-08,2184.03,JPY,COMPLETED,Cloud_Services,174.72,JP
REC-10698,Anthony Rodriguez,anthony.rodriguez183@example.com,2026-08-03,2463.69,JPY,CANCELLED,Hardware,123.18,FR
REC-10442,Jessica Thomas,jessica.thomas116@example.com,2026-07-15,239.4,CAD,FAILED,Subscription,16.76,NL
REC-10363,Mark Hernandez,mark.hernandez126@example.com,2026-01-15,262.68,SGD,CANCELLED,Cloud_Services,26.27,US
REC-10087,Richard Anderson,richard.anderson931@example.com,2026-08-10,4302.23,GBP,PROCESSING,Support,344.18,US
REC-10564,Linda Johnson,linda.johnson204@example.com,2026-08-24,3857.27,CAD,PENDING,Cloud_Services,385.73,AU
REC-10122,Betty Brown,betty.brown480@example.com,2026-02-05,3773.22,AUD,CANCELLED,Support,188.66,CA
REC-10272,Lisa Rodriguez,lisa.rodriguez549@example.com,2026-05-01,2516.06,CAD,CANCELLED,Hardware,478.05,SG
REC-10892,Charles Miller,charles.miller843@example.com,2026-06-15,498.96,SGD,CANCELLED,Hardware,94.8,SG
REC-10878,Daniel Anderson,daniel.anderson781@example.com,2026-08-24,4353.76,CAD,FAILED,Consulting,222.19,GB
REC-10893,Susan Jones,susan.jones488@example.com,2026-04-15,425.33,JPY,CANCELLED,Support,75.92,NL
REC-10488,Betty Davis,betty.davis730@example.com,2026-07-09,4202.15,CAD,FAILED,Cloud_Services,210.11,FR
REC-10770,Barbara Jones,barbara.jones14@example.com,2026-03-17,1414.27,SGD,CANCELLED,Consulting,282.85,GB
REC-10274,John Lopez,john.lopez983@example.com,2026-07-15,2829.36,EUR,FAILED,Training,537.58,SG
REC-10192,Barbara Anderson,barbara.anderson44@example.com,2026-06-20,4990.77,CAD,COMPLETED,Subscription,349.35,AU
REC-10848,Joseph Rodriguez,joseph.rodriguez609@example.com,2026-01-11,4849.15,JPY,CANCELLED,Consulting,921.34,CH
REC-10798,Susan Lopez,susan.lopez366@example.com,2026-07-12,291.68,EUR,PENDING,Training,14.58,JP
REC-10721,Karen Anderson,karen.anderson45@example.com,2026-02-24,271.76,EUR,PENDING,Subscription,27.18,FR
REC-10113,John Martin,john.martin892@example.com,2026-07-20,3418.84,JPY,PENDING,Hardware,273.51,FR
REC-10110,Margaret Moore,margaret.moore37@example.com,2026-02-08,3159.49,EUR,COMPLETED,Cloud_Services,221.16,SG
REC-10808,Lisa Johnson,lisa.johnson535@example.com,2026-04-12,2317.81,EUR,FAILED,Cloud_Services,115.89,AU
REC-10151,Michael Jones,michael.jones783@example.com,2026-05-10,1647.33,SGD,CANCELLED,Hardware,0.0,GB
REC-10105,Matthew Moore,matthew.moore387@example.com,2026-08-11,4349.31,EUR,PROCESSING,Cloud_Services,826.37,DE
REC-10720,Jessica Garcia,jessica.garcia164@example.com,2026-01-02,3227.86,EUR,CANCELLED,Consulting,225.95,CA
REC-10315,Sarah Miller,sarah.miller436@example.com,2026-02-24,4152.05,EUR,FAILED,Subscription,830.41,FR
REC-10169,Robert Jones,robert.jones80@example.com,2026-05-28,3942.72,AUD,PROCESSING,Training,394.27,NL
REC-30022,Betty Miller,betty.miller266@example.com,2026-07-15,3137.92,USD,PENDING,Subscription,313.79,JP
REC-10849,Robert Miller,robert.miller884@example.com,2026-01-26,3221.78,AUD,COMPLETED,Training,225.52,SG
REC-10071,Richard Miller,richard.miller78@example.com,2026-04-04,3488.99,AUD,PROCESSING,Subscription,244.23,CH
REC-10692,Matthew Miller,matthew.miller533@example.com,2026-06-22,3454.49,GBP,PROCESSING,Subscription,172.72,US
REC-10787,Michael Martin,michael.martin865@example.com,2026-07-04,1172.02,CAD,CANCELLED,Consulting,93.76,CH
REC-10208,Betty Gonzalez,betty.gonzalez305@example.com,2026-08-03,3446.18,SGD,CANCELLED,Cloud_Services,172.31,FR
REC-10526,Richard Jackson,richard.jackson496@example.com,2026-04-25,1704.91,SGD,CANCELLED,Support,340.98,US
REC-10636,Patricia Rodriguez,patricia.rodriguez338@example.com,2026-07-17,1057.13,JPY,COMPLETED,Subscription,52.86,CH
REC-10823,Sandra Hernandez,sandra.hernandez735@example.com,2026-07-27,510.97,CAD,FAILED,Support,25.55,SG
REC-10693,Anthony Williams,anthony.williams13@example.com,2026-07-04,2631.07,SGD,FAILED,Hardware,499.9,JP
REC-10373,James Taylor,james.taylor490@example.com,2026-01-11,4590.3,AUD,PENDING,Consulting,229.52,GB
REC-10225,Jennifer Anderson,jennifer.anderson935@example.com,2026-06-18,1777.89,AUD,FAILED,Support,355.58,FR
REC-10134,Lisa Williams,lisa.williams488@example.com,2026-08-25,1816.57,USD,CANCELLED,Support,181.66,DE
REC-10109,Christopher Williams,christopher.williams873@example.com,2026-06-28,3375.04,SGD,FAILED,Training,337.5,FR
REC-10517,Daniel Johnson,daniel.johnson165@example.com,2026-07-21,36.4,AUD,PENDING,Cloud_Services,0.0,CH
REC-10158,Matthew Williams,matthew.williams182@example.com,2026-08-15,3774.68,JPY,CANCELLED,Training,754.94,CH
REC-10672,Linda Wilson,linda.wilson720@example.com,2026-07-21,1597.46,SGD,CANCELLED,Cloud_Services,127.8,NL
REC-10465,James Rodriguez,james.rodriguez208@example.com,2026-08-27,1135.49,CAD,FAILED,Support,215.74,NL
REC-30031,Lisa Gonzalez,lisa.gonzalez301@example.com,2026-04-23,724.38,JPY,PROCESSING,Subscription,72.44,GB
REC-10784,Linda Moore,linda.moore418@example.com,2026-05-28,2145.53,USD,CANCELLED,Training,429.11,CA
REC-10527,Jessica Brown,jessica.brown265@example.com,2026-02-13,3171.97,CAD,PENDING,Consulting,158.6,AU
REC-10722,Thomas Brown,thomas.brown73@example.com,2026-04-24,2229.66,GBP,CANCELLED,Hardware,222.97,CA
REC-10605,Elizabeth Gonzalez,elizabeth.gonzalez237@example.com,2026-07-17,4883.29,GBP,CANCELLED,Support,0.0,NL
REC-10214,Karen Thomas,karen.thomas293@example.com,2026-01-28,546.41,GBP,FAILED,Cloud_Services,27.32,CA
REC-10349,Matthew Martinez,matthew.martinez336@example.com,2026-02-18,2289.16,EUR,FAILED,Support,160.24,JP
REC-10765,Charles Wilson,charles.wilson890@example.com,2026-05-21,3432.71,AUD,COMPLETED,Consulting,652.21,NL
REC-30026,Nancy Hernandez,nancy.hernandez323@example.com,2026-04-12,3328.74,JPY,COMPLETED,Consulting,266.3,CA
REC-10193,Barbara Taylor,barbara.taylor821@example.com,2026-03-01,722.47,CAD,CANCELLED,Subscription,72.25,GB
REC-10857,Patricia Taylor,patricia.taylor436@example.com,2026-07-04,2333.64,JPY,FAILED,Consulting,442.44,JP
REC-10480,Richard Gonzalez,richard.gonzalez842@example.com,2026-01-16,790.05,EUR,CANCELLED,Support,39.5,JP
REC-30079,Sandra Davis,sandra.davis852@example.com,2026-02-10,1502.9,GBP,PENDING,Subscription,105.2,CH
REC-10687,Matthew Gonzalez,matthew.gonzalez244@example.com,2026-08-24,3191.5,JPY,FAILED,Subscription,159.58,JP
REC-10014,Joseph Taylor,joseph.taylor258@example.com,2026-01-22,3606.4,JPY,FAILED,Training,685.22,CA
REC-10854,Karen Garcia,karen.garcia445@example.com,2026-07-03,211.79,SGD,PENDING,Training,19.33,GB
REC-10062,Margaret Jackson,margaret.jackson390@example.com,2026-08-01,4714.28,AUD,CANCELLED,Cloud_Services,330.0,NL
REC-10507,Patricia Smith,patricia.smith208@example.com,2026-07-27,756.31,EUR,CANCELLED,Support,0.0,CH
REC-10745,Susan Jackson,susan.jackson352@example.com,2026-06-16,2970.85,JPY,PROCESSING,Cloud_Services,564.46,FR
REC-10080,Sarah Taylor,sarah.taylor353@example.com,2026-07-24,2756.44,CAD,CANCELLED,Consulting,192.95,JP
REC-30028,Patricia Taylor,patricia.taylor287@example.com,2026-04-12,2265.07,CAD,CANCELLED,Support,430.36,AU
REC-10663,David Moore,david.moore666@example.com,2026-02-26,1517.57,SGD,PROCESSING,Cloud_Services,121.41,DE
REC-10676,Jennifer Anderson,jennifer.anderson522@example.com,2026-07-18,4102.16,GBP,PENDING,Hardware,328.17,AU
REC-10249,Matthew Jones,matthew.jones785@example.com,2026-07-12,4964.35,SGD,CANCELLED,Cloud_Services,397.15,SG
REC-10572,Sarah Thomas,sarah.thomas195@example.com,2026-03-18,1744.85,SGD,FAILED,Support,331.52,NL
REC-30040,Anthony Martinez,anthony.martinez858@example.com,2026-04-16,3403.1,JPY,FAILED,Hardware,170.16,US
REC-10085,Patricia Williams,patricia.williams411@example.com,2026-08-03,2889.34,USD,PENDING,Hardware,548.97,CH
REC-10304,Linda Gonzalez,linda.gonzalez645@example.com,2026-03-06,3205.99,SGD,COMPLETED,Training,256.48,CH
REC-10744,Lisa Smith,lisa.smith299@example.com,2026-04-03,119.96,EUR,PROCESSING,Training,23.99,CA
REC-30060,Margaret Miller,margaret.miller981@example.com,2026-03-20,2764.83,GBP,FAILED,Hardware,276.48,CH
REC-30092,Michael Jackson,michael.jackson645@example.com,2026-03-08,611.1,USD,FAILED,Hardware,48.89,GB
REC-10495,Barbara Johnson,barbara.johnson225@example.com,2026-08-08,323.68,EUR,COMPLETED,Training,22.66,DE
REC-10861,Patricia Smith,updated.patricia.smith176@example.com,2026-08-15,3462.11,CAD,PROCESSING,Training,692.42,FR
REC-30038,Charles Smith,charles.smith319@example.com,2026-01-19,2682.66,SGD,CANCELLED,Consulting,536.53,CA
REC-10502,James Davis,james.davis45@example.com,2026-03-19,2965.81,CAD,PROCESSING,Subscription,148.29,CH
REC-10678,Charles Lopez,charles.lopez35@example.com,2026-01-19,2421.51,USD,PROCESSING,Cloud_Services,169.51,SG
REC-10490,Margaret Jones,margaret.jones913@example.com,2026-04-09,3670.39,USD,COMPLETED,Subscription,697.37,NL
REC-10592,Sandra Brown,sandra.brown891@example.com,2026-04-24,3267.37,USD,CANCELLED,Subscription,326.74,JP
REC-10247,Lisa Smith,lisa.smith406@example.com,2026-05-27,25.05,JPY,COMPLETED,Subscription,1.25,AU
REC-10802,David Thomas,david.thomas515@example.com,2026-06-06,3077.99,SGD,PENDING,Cloud_Services,215.46,SG
REC-30093,Susan Smith,susan.smith632@example.com,2026-04-03,4323.11,SGD,PROCESSING,Consulting,345.85,DE
REC-10872,Karen Miller,karen.miller290@example.com,2026-02-22,2419.62,EUR,PENDING,Support,125.48,FR
REC-10685,Karen Garcia,karen.garcia932@example.com,2026-03-22,2238.8,EUR,FAILED,Training,447.76,DE
REC-10458,Margaret Hernandez,margaret.hernandez729@example.com,2026-04-07,1056.47,GBP,FAILED,Training,200.73,GB
REC-10653,James Jackson,james.jackson777@example.com,2026-05-21,4461.76,EUR,PENDING,Consulting,312.32,JP
REC-10424,Sarah Miller,sarah.miller749@example.com,2026-06-01,4461.11,AUD,PROCESSING,Hardware,892.22,US
REC-10599,Karen Anderson,karen.anderson639@example.com,2026-03-15,233.94,EUR,PENDING,Training,46.79,CA
REC-10152,Richard Moore,richard.moore721@example.com,2026-04-17,2798.03,AUD,FAILED,Subscription,531.63,AU
REC-10870,Lisa Miller,lisa.miller481@example.com,2026-06-15,1168.19,JPY,PENDING,Support,58.41,FR
REC-30065,Christopher Williams,christopher.williams372@example.com,2026-06-25,1373.53,AUD,PENDING,Consulting,274.71,US
REC-10825,Betty Jones,betty.jones4@example.com,2026-07-07,3145.2,JPY,COMPLETED,Subscription,220.16,GB
REC-10472,Joseph Davis,joseph.davis927@example.com,2026-04-02,3415.93,SGD,COMPLETED,Cloud_Services,239.12,JP
REC-30035,John Hernandez,john.hernandez893@example.com,2026-04-19,3834.02,USD,FAILED,Cloud_Services,383.4,AU
REC-30071,Susan Anderson,susan.anderson188@example.com,2026-08-12,3994.36,GBP,FAILED,Cloud_Services,399.44,NL
REC-10759,Karen Williams,karen.williams148@example.com,2026-04-10,2378.32,JPY,FAILED,Subscription,475.66,CH
REC-10716,Daniel Thomas,daniel.thomas709@example.com,2026-03-07,724.01,JPY,CANCELLED,Cloud_Services,50.68,DE
REC-10277,Linda Miller,linda.miller923@example.com,2026-08-09,242.34,CAD,FAILED,Support,0.0,CH
REC-10389,Mark Rodriguez,mark.rodriguez94@example.com,2026-07-06,1861.39,GBP,PENDING,Cloud_Services,148.91,US
REC-10782,Patricia Anderson,patricia.anderson113@example.com,2026-03-16,3813.75,GBP,PROCESSING,Training,724.61,US
REC-10752,Betty Jackson,betty.jackson747@example.com,2026-08-11,3448.84,SGD,COMPLETED,Hardware,655.28,NL
REC-10338,Mary Johnson,mary.johnson972@example.com,2026-07-17,1439.57,JPY,CANCELLED,Cloud_Services,273.52,AU
REC-10271,Sandra Thomas,sandra.thomas676@example.com,2026-08-01,43.0,SGD,COMPLETED,Subscription,4.3,NL
REC-10844,Margaret Jones,margaret.jones127@example.com,2026-06-03,1026.63,EUR,PENDING,Training,71.86,NL
REC-10312,Christopher Thomas,christopher.thomas419@example.com,2026-08-14,3553.61,SGD,PENDING,Subscription,284.29,CH
REC-10050,Nancy Wilson,nancy.wilson335@example.com,2026-07-23,1485.32,EUR,CANCELLED,Training,74.27,AU
REC-10114,Christopher Rodriguez,christopher.rodriguez471@example.com,2026-05-22,56.89,SGD,FAILED,Training,11.38,NL
REC-10045,Nancy Miller,nancy.miller409@example.com,2026-06-09,4323.12,GBP,FAILED,Training,864.62,NL
REC-10266,Charles Davis,charles.davis760@example.com,2026-03-01,1311.26,JPY,CANCELLED,Consulting,131.13,GB
REC-10054,Robert Smith,robert.smith48@example.com,2026-04-16,3060.26,USD,CANCELLED,Cloud_Services,612.05,CH
REC-10763,William Martinez,william.martinez979@example.com,2026-08-04,3272.53,SGD,PENDING,Cloud_Services,229.08,DE
REC-30095,Barbara Rodriguez,barbara.rodriguez966@example.com,2026-06-23,2096.19,USD,PENDING,Subscription,146.73,US
REC-10551,Margaret Hernandez,margaret.hernandez885@example.com,2026-08-15,4875.16,GBP,PROCESSING,Cloud_Services,487.52,GB
REC-10378,Daniel Jackson,daniel.jackson401@example.com,2026-01-06,3015.92,JPY,PENDING,Training,603.18,CH
REC-10762,Anthony Martinez,anthony.martinez855@example.com,2026-05-16,2800.81,EUR,COMPLETED,Subscription,224.06,GB
REC-10196,Linda Brown,linda.brown27@example.com,2026-03-16,2593.55,USD,FAILED,Consulting,259.36,FR
REC-10091,Susan Brown,susan.brown558@example.com,2026-04-21,753.46,AUD,PENDING,Subscription,52.74,US
REC-10175,John Garcia,john.garcia280@example.com,2026-08-17,745.27,USD,PENDING,Cloud_Services,59.62,CA
REC-10232,James Moore,james.moore952@example.com,2026-03-14,3267.94,SGD,PENDING,Consulting,261.44,CA
REC-30050,Jessica Martinez,jessica.martinez705@example.com,2026-03-21,3728.55,CAD,COMPLETED,Cloud_Services,745.71,AU
REC-10742,Elizabeth Williams,elizabeth.williams112@example.com,2026-03-09,569.0,SGD,PENDING,Hardware,28.45,NL
REC-10869,Mark Thomas,mark.thomas120@example.com,2026-08-20,4795.43,SGD,CANCELLED,Subscription,328.68,GB
REC-10886,Daniel Lopez,daniel.lopez909@example.com,2026-07-25,994.51,USD,COMPLETED,Cloud_Services,69.62,CA
REC-10108,James Jones,james.jones420@example.com,2026-03-03,2352.76,GBP,PROCESSING,Training,164.69,AU
REC-10143,Patricia Jackson,patricia.jackson520@example.com,2026-04-05,3287.11,AUD,COMPLETED,Consulting,164.36,NL
REC-10011,Michael Thomas,michael.thomas406@example.com,2026-08-05,1331.75,CAD,PROCESSING,Support,66.59,JP
REC-10781,Nancy Brown,nancy.brown186@example.com,2026-06-13,2126.22,EUR,CANCELLED,Subscription,212.62,CA
REC-10230,Sandra Moore,sandra.moore713@example.com,2026-05-05,555.04,JPY,PENDING,Hardware,105.46,US
REC-10030,Mary Hernandez,mary.hernandez59@example.com,2026-01-19,2389.17,JPY,PENDING,Subscription,477.83,NL
REC-10851,Margaret Miller,margaret.miller167@example.com,2026-07-25,2043.71,AUD,PENDING,Subscription,383.41,JP
REC-10633,David Williams,david.williams51@example.com,2026-02-14,4968.74,CAD,FAILED,Support,248.44,CH
REC-30008,James Gonzalez,james.gonzalez438@example.com,2026-02-25,4533.22,JPY,PROCESSING,Hardware,317.33,NL
REC-30089,Mary Hernandez,mary.hernandez440@example.com,2026-01-14,2406.16,SGD,COMPLETED,Cloud_Services,168.43,DE
REC-10657,James Thomas,james.thomas925@example.com,2026-01-04,1924.16,SGD,CANCELLED,Hardware,0.0,CH
REC-10783,John Hernandez,john.hernandez506@example.com,2026-02-13,1425.22,CAD,FAILED,Training,142.52,FR
REC-10466,Lisa Martin,lisa.martin202@example.com,2026-04-10,2249.59,USD,PENDING,Hardware,427.42,NL
REC-10714,Joseph Davis,joseph.davis948@example.com,2026-01-05,508.84,CAD,PROCESSING,Cloud_Services,101.77,GB
REC-10306,Charles Brown,charles.brown819@example.com,2026-03-12,1636.66,USD,FAILED,Training,130.93,FR
REC-30037,John Hernandez,john.hernandez759@example.com,2026-04-24,4710.62,GBP,PENDING,Consulting,471.06,AU
REC-10049,Barbara Wilson,barbara.wilson72@example.com,2026-06-20,1576.44,USD,FAILED,Support,315.29,JP
REC-10628,Jennifer Johnson,jennifer.johnson430@example.com,2026-05-10,3653.51,GBP,PENDING,Subscription,292.28,GB
REC-10830,Karen Wilson,karen.wilson615@example.com,2026-05-05,454.42,EUR,PROCESSING,Subscription,31.81,US
REC-10321,Charles Rodriguez,charles.rodriguez643@example.com,2026-07-13,2265.44,AUD,COMPLETED,Cloud_Services,430.43,NL
REC-10570,Betty Brown,betty.brown129@example.com,2026-08-08,1590.53,AUD,FAILED,Cloud_Services,159.05,DE
REC-10082,Lisa Thomas,lisa.thomas284@example.com,2026-05-04,4164.82,EUR,FAILED,Hardware,291.54,JP
REC-30048,Sandra Johnson,sandra.johnson99@example.com,2026-06-16,906.37,USD,PROCESSING,Training,0.0,CA
REC-10355,Nancy Jones,nancy.jones243@example.com,2026-05-09,4256.06,SGD,FAILED,Consulting,851.21,FR
REC-10772,Daniel Brown,daniel.brown428@example.com,2026-08-03,591.66,USD,CANCELLED,Consulting,29.58,JP
REC-10325,Mary Brown,mary.brown642@example.com,2026-08-01,629.94,EUR,CANCELLED,Cloud_Services,125.99,US
REC-10846,Sandra Williams,sandra.williams253@example.com,2026-08-22,480.58,USD,FAILED,Training,33.64,SG
REC-10309,Barbara Jones,barbara.jones524@example.com,2026-07-14,2986.16,SGD,CANCELLED,Hardware,298.62,FR
REC-10741,Karen Lopez,karen.lopez820@example.com,2026-02-07,4460.6,USD,COMPLETED,Cloud_Services,356.85,GB
REC-10426,Thomas Jackson,thomas.jackson314@example.com,2026-03-03,4120.98,GBP,CANCELLED,Training,288.47,NL
REC-10098,Anthony Smith,anthony.smith674@example.com,2026-08-14,280.48,GBP,PROCESSING,Cloud_Services,28.05,FR
REC-10482,Charles Martin,charles.martin404@example.com,2026-02-10,1058.16,CAD,FAILED,Hardware,201.05,AU
REC-10072,Betty Johnson,betty.johnson356@example.com,2026-07-22,1859.15,CAD,FAILED,Subscription,185.92,AU
REC-10017,Sarah Taylor,sarah.taylor941@example.com,2026-01-20,1627.54,USD,FAILED,Consulting,0.0,DE
REC-10894,Margaret Rodriguez,margaret.rodriguez599@example.com,2026-08-21,2122.88,CAD,PENDING,Training,169.83,AU
REC-10346,Margaret Smith,margaret.smith251@example.com,2026-01-16,1826.24,EUR,COMPLETED,Support,91.31,AU
REC-10041,Nancy Davis,nancy.davis683@example.com,2026-02-12,3902.78,SGD,PROCESSING,Training,780.56,GB
REC-10541,Mary Miller,mary.miller834@example.com,2026-05-16,4196.47,SGD,FAILED,Consulting,0.0,CA
REC-10547,Thomas Anderson,thomas.anderson424@example.com,2026-03-06,4272.52,CAD,PENDING,Training,213.63,JP
REC-10038,Mark Johnson,mark.johnson95@example.com,2026-07-27,1390.63,GBP,PENDING,Training,0.0,JP
REC-10413,Thomas Davis,thomas.davis922@example.com,2026-01-26,4288.0,JPY,CANCELLED,Training,857.6,CA
REC-10135,Karen Johnson,karen.johnson745@example.com,2026-05-15,3220.27,USD,CANCELLED,Cloud_Services,0.0,AU
REC-30029,Nancy Miller,nancy.miller4@example.com,2026-06-01,3172.55,USD,FAILED,Training,634.51,FR
REC-10473,Sarah Martinez,sarah.martinez26@example.com,2026-06-17,4016.06,SGD,COMPLETED,Consulting,321.28,DE
REC-10005,Karen Rodriguez,karen.rodriguez827@example.com,2026-01-24,2302.53,SGD,COMPLETED,Support,0.0,JP
REC-10590,Lisa Williams,lisa.williams741@example.com,2026-06-26,2417.84,AUD,PROCESSING,Subscription,193.43,CH
REC-10803,Anthony Moore,anthony.moore220@example.com,2026-05-09,247.18,SGD,PENDING,Support,24.72,SG
REC-10660,Nancy Anderson,nancy.anderson482@example.com,2026-04-08,727.17,GBP,FAILED,Cloud_Services,72.72,GB
REC-10019,Nancy Thomas,nancy.thomas970@example.com,2026-03-09,2643.09,SGD,PENDING,Support,264.31,DE
REC-10292,Charles Davis,charles.davis334@example.com,2026-07-09,4084.31,GBP,COMPLETED,Support,326.74,DE
REC-10022,Mark Johnson,mark.johnson881@example.com,2026-06-03,2575.64,CAD,CANCELLED,Hardware,180.29,NL
REC-10591,Christopher Martinez,christopher.martinez39@example.com,2026-07-03,3902.81,GBP,FAILED,Cloud_Services,780.56,AU
REC-10243,Betty Miller,betty.miller781@example.com,2026-04-22,3776.15,AUD,COMPLETED,Support,755.23,FR
REC-30013,Matthew Lopez,matthew.lopez522@example.com,2026-08-21,3445.56,USD,CANCELLED,Cloud_Services,654.66,DE
REC-10606,John Garcia,john.garcia204@example.com,2026-08-18,4632.49,USD,PENDING,Support,0.0,JP
REC-10335,Michael Gonzalez,michael.gonzalez303@example.com,2026-01-26,4490.58,SGD,CANCELLED,Subscription,224.53,DE
REC-10616,Robert Taylor,robert.taylor867@example.com,2026-08-23,3251.35,AUD,CANCELLED,Cloud_Services,162.57,FR
REC-10176,Sandra Smith,sandra.smith425@example.com,2026-01-13,2515.02,SGD,COMPLETED,Consulting,125.75,DE
REC-10464,Daniel Johnson,daniel.johnson949@example.com,2026-07-13,2088.67,CAD,FAILED,Support,417.73,US
REC-10128,Daniel Lopez,daniel.lopez223@example.com,2026-08-15,4753.27,GBP,COMPLETED,Training,950.65,CA
REC-10123,John Gonzalez,john.gonzalez15@example.com,2026-05-18,626.71,CAD,FAILED,Support,43.87,AU
REC-10841,David Thomas,david.thomas783@example.com,2026-03-18,4266.64,CAD,CANCELLED,Subscription,810.66,DE
REC-10282,Susan Garcia,susan.garcia697@example.com,2026-07-03,3863.12,AUD,PENDING,Training,270.42,SG
REC-10048,Mark Jackson,mark.jackson195@example.com,2026-05-02,3546.84,JPY,PROCESSING,Training,0.0,DE
REC-10511,Mark Moore,mark.moore419@example.com,2026-05-07,37.29,AUD,COMPLETED,Support,7.09,NL
REC-10506,William Garcia,william.garcia742@example.com,2026-06-15,2986.7,EUR,CANCELLED,Cloud_Services,0.0,GB
REC-10822,Mark Wilson,mark.wilson809@example.com,2026-01-09,4333.56,AUD,CANCELLED,Cloud_Services,866.71,AU
REC-10051,Nancy Garcia,nancy.garcia631@example.com,2026-05-13,2744.21,GBP,FAILED,Hardware,0.0,AU
REC-10202,David Williams,david.williams461@example.com,2026-08-22,2591.63,AUD,PROCESSING,Training,129.58,CH
REC-30043,Daniel Johnson,daniel.johnson946@example.com,2026-03-28,2442.65,GBP,PENDING,Subscription,195.41,NL
REC-10328,Daniel Brown,daniel.brown2@example.com,2026-04-16,398.91,EUR,PROCESSING,Training,39.89,FR
REC-10833,Susan Garcia,susan.garcia419@example.com,2026-03-01,1458.06,EUR,PROCESSING,Cloud_Services,102.06,DE
REC-10326,Susan Miller,susan.miller706@example.com,2026-03-21,1516.31,GBP,COMPLETED,Training,303.26,CA
REC-10446,David Rodriguez,david.rodriguez52@example.com,2026-04-18,3220.15,AUD,PENDING,Subscription,257.61,FR
REC-10775,Daniel Brown,daniel.brown80@example.com,2026-01-25,2426.43,USD,PENDING,Subscription,194.11,US
REC-10699,Patricia Jones,patricia.jones554@example.com,2026-07-07,3073.69,SGD,FAILED,Subscription,0.0,US
REC-10432,Nancy Brown,nancy.brown679@example.com,2026-05-20,3032.12,SGD,COMPLETED,Support,151.61,CH
REC-10662,Joseph Garcia,joseph.garcia290@example.com,2026-06-20,2877.64,USD,CANCELLED,Training,287.76,SG
REC-10588,Sarah Jackson,sarah.jackson949@example.com,2026-03-04,198.3,EUR,PENDING,Consulting,13.88,CA
REC-10077,Barbara Rodriguez,barbara.rodriguez349@example.com,2026-05-20,3508.91,JPY,COMPLETED,Support,245.62,DE
REC-10688,Matthew Brown,matthew.brown54@example.com,2026-03-15,1999.74,SGD,PROCESSING,Hardware,139.98,AU
REC-10827,Margaret Jones,margaret.jones267@example.com,2026-03-22,2969.17,AUD,FAILED,Hardware,207.84,SG
REC-10623,Sandra Johnson,sandra.johnson707@example.com,2026-03-15,4151.17,USD,PROCESSING,Subscription,332.09,GB
REC-10734,Christopher Anderson,christopher.anderson721@example.com,2026-01-28,3140.25,CAD,FAILED,Support,251.22,US
REC-10285,Susan Anderson,susan.anderson571@example.com,2026-07-04,141.05,JPY,COMPLETED,Support,9.87,CH
REC-10575,Lisa Williams,lisa.williams675@example.com,2026-07-07,2625.11,AUD,PROCESSING,Hardware,210.01,CH
REC-30036,Christopher Moore,christopher.moore990@example.com,2026-07-26,1174.5,USD,FAILED,Subscription,82.22,SG
REC-30074,Betty Smith,betty.smith986@example.com,2026-07-22,2548.32,EUR,CANCELLED,Cloud_Services,484.18,NL
REC-10540,Betty Thomas,betty.thomas308@example.com,2026-05-18,4293.92,SGD,COMPLETED,Training,0.0,GB
REC-10218,Joseph Jones,joseph.jones621@example.com,2026-03-11,4657.53,EUR,CANCELLED,Support,326.03,JP
REC-10617,Robert Garcia,robert.garcia198@example.com,2026-04-02,2048.86,GBP,CANCELLED,Hardware,0.0,DE
REC-10291,David Martin,david.martin971@example.com,2026-04-16,1577.77,GBP,FAILED,Training,126.22,FR
REC-10395,David Williams,david.williams90@example.com,2026-07-18,1992.8,AUD,FAILED,Support,139.5,FR
REC-10068,Matthew Smith,matthew.smith973@example.com,2026-04-07,4197.75,EUR,PENDING,Hardware,419.78,FR
REC-10576,Elizabeth Hernandez,elizabeth.hernandez420@example.com,2026-06-04,490.32,USD,COMPLETED,Hardware,93.16,GB
REC-10239,Jessica Hernandez,jessica.hernandez959@example.com,2026-04-01,1311.32,SGD,FAILED,Consulting,65.57,JP
REC-10330,Linda Gonzalez,linda.gonzalez92@example.com,2026-02-04,1573.62,EUR,CANCELLED,Hardware,110.15,GB
REC-10815,Mark Williams,mark.williams244@example.com,2026-02-25,4035.37,AUD,PROCESSING,Training,282.48,AU
REC-10582,Charles Garcia,charles.garcia572@example.com,2026-07-24,536.52,JPY,FAILED,Training,101.94,FR
REC-10477,Sarah Williams,sarah.williams589@example.com,2026-04-09,2044.09,CAD,CANCELLED,Cloud_Services,163.53,CA
REC-10219,Charles Hernandez,charles.hernandez520@example.com,2026-08-23,2818.99,AUD,COMPLETED,Consulting,225.52,CA
REC-10337,Sarah Garcia,sarah.garcia782@example.com,2026-08-25,374.23,USD,COMPLETED,Consulting,37.42,DE
REC-30039,Betty Jones,betty.jones533@example.com,2026-04-04,1982.61,AUD,CANCELLED,Consulting,198.26,GB
REC-10012,Lisa Jackson,lisa.jackson439@example.com,2026-07-12,1104.41,JPY,CANCELLED,Subscription,55.22,US
REC-10705,Elizabeth Gonzalez,elizabeth.gonzalez918@example.com,2026-02-21,3447.32,USD,CANCELLED,Training,275.79,DE
REC-30017,Anthony Wilson,anthony.wilson259@example.com,2026-05-17,4838.74,SGD,PROCESSING,Consulting,919.36,AU
REC-10010,Anthony Johnson,anthony.johnson235@example.com,2026-01-26,1584.11,USD,PENDING,Support,110.89,CA
REC-10126,Patricia Brown,patricia.brown241@example.com,2026-03-13,2273.68,CAD,PROCESSING,Cloud_Services,432.0,CH
REC-10322,Lisa Rodriguez,lisa.rodriguez712@example.com,2026-06-15,4751.77,JPY,COMPLETED,Training,332.62,SG
REC-10799,Charles Williams,charles.williams933@example.com,2026-02-28,1531.51,EUR,COMPLETED,Support,107.21,CA
REC-10149,Jessica Martin,jessica.martin453@example.com,2026-07-09,1085.69,USD,FAILED,Cloud_Services,108.57,SG
REC-10877,Anthony Moore,anthony.moore43@example.com,2026-08-25,3153.33,EUR,FAILED,Hardware,630.67,JP
REC-10381,Lisa Smith,lisa.smith50@example.com,2026-07-15,3665.6,SGD,CANCELLED,Cloud_Services,183.28,CA
REC-10673,Michael Garcia,michael.garcia487@example.com,2026-03-07,2781.55,GBP,CANCELLED,Hardware,556.31,JP
REC-10221,William Jackson,william.jackson592@example.com,2026-04-24,266.26,EUR,PROCESSING,Training,21.3,CH
REC-10075,Anthony Jackson,anthony.jackson275@example.com,2026-06-28,1235.02,GBP,CANCELLED,Hardware,0.0,FR
REC-10252,Anthony Davis,anthony.davis254@example.com,2026-08-12,784.06,CAD,COMPLETED,Subscription,39.2,AU
REC-10367,Betty Smith,betty.smith392@example.com,2026-06-16,2727.14,GBP,PROCESSING,Support,218.17,CA
REC-10191,David Brown,david.brown82@example.com,2026-06-22,1485.24,JPY,CANCELLED,Hardware,118.82,FR
REC-10810,Linda Gonzalez,linda.gonzalez245@example.com,2026-02-05,967.66,AUD,FAILED,Cloud_Services,48.38,FR
REC-30012,John Wilson,john.wilson907@example.com,2026-01-04,1930.28,EUR,PENDING,Cloud_Services,193.03,JP
REC-10331,John Taylor,john.taylor577@example.com,2026-01-20,3253.6,GBP,PENDING,Training,260.29,GB
REC-30052,Charles Jackson,charles.jackson587@example.com,2026-08-09,3471.69,AUD,PROCESSING,Hardware,0.0,AU
REC-10185,Robert Johnson,robert.johnson361@example.com,2026-06-27,3217.55,AUD,CANCELLED,Training,643.51,FR
REC-30076,Daniel Moore,daniel.moore768@example.com,2026-06-08,4971.17,AUD,PROCESSING,Training,944.52,CH
REC-30073,John Davis,john.davis968@example.com,2026-02-06,2880.83,CAD,FAILED,Support,0.0,FR
REC-10408,Nancy Miller,nancy.miller276@example.com,2026-07-17,110.06,AUD,COMPLETED,Cloud_Services,22.01,GB
REC-10361,Patricia Jones,patricia.jones125@example.com,2026-01-02,4153.56,EUR,PENDING,Cloud_Services,207.68,CA
REC-10544,Karen Martinez,karen.martinez475@example.com,2026-03-28,846.2,GBP,CANCELLED,Training,169.24,CH
REC-10661,Daniel Hernandez,daniel.hernandez808@example.com,2026-06-15,2442.66,SGD,COMPLETED,Consulting,0.0,FR
REC-10847,Richard Lopez,richard.lopez605@example.com,2026-02-27,1624.46,USD,CANCELLED,Training,0.0,FR
REC-10619,Susan Gonzalez,susan.gonzalez795@example.com,2026-01-20,3679.31,CAD,FAILED,Cloud_Services,294.34,CH
REC-10301,David Anderson,david.anderson804@example.com,2026-04-17,2419.8,USD,CANCELLED,Training,193.58,FR
REC-10420,Thomas Brown,thomas.brown889@example.com,2026-07-17,1498.8,AUD,PENDING,Hardware,0.0,DE
REC-10601,Daniel Brown,daniel.brown313@example.com,2026-08-16,123.51,CAD,PROCESSING,Hardware,6.18,DE
REC-10260,Linda Rodriguez,linda.rodriguez209@example.com,2026-06-21,404.56,AUD,FAILED,Subscription,32.36,NL
REC-10524,Sandra Gonzalez,sandra.gonzalez589@example.com,2026-01-09,883.42,USD,PROCESSING,Subscription,88.34,NL
REC-10035,Mark Davis,mark.davis379@example.com,2026-05-06,2196.54,CAD,FAILED,Support,219.65,NL
REC-10172,Linda Martinez,linda.martinez989@example.com,2026-08-27,978.14,JPY,CANCELLED,Cloud_Services,185.85,JP
REC-10461,Robert Johnson,robert.johnson687@example.com,2026-01-07,1342.22,EUR,FAILED,Training,268.44,JP
REC-10066,William Gonzalez,william.gonzalez336@example.com,2026-04-15,1640.96,SGD,FAILED,Cloud_Services,328.19,JP
REC-10840,Sandra Wilson,sandra.wilson290@example.com,2026-05-20,4149.65,JPY,FAILED,Cloud_Services,290.48,GB
REC-10648,Jessica Davis,jessica.davis381@example.com,2026-08-27,4754.13,JPY,FAILED,Hardware,237.71,SG
REC-10383,John Johnson,john.johnson302@example.com,2026-01-11,1313.03,USD,FAILED,Hardware,0.0,AU
REC-10362,Nancy Williams,nancy.williams597@example.com,2026-05-27,384.19,EUR,CANCELLED,Hardware,0.0,SG
REC-10581,Michael Taylor,michael.taylor100@example.com,2026-02-24,1162.78,EUR,PENDING,Support,93.02,DE
REC-30061,Susan Williams,susan.williams564@example.com,2026-05-09,1915.09,SGD,CANCELLED,Subscription,95.75,JP
REC-10440,Betty Wilson,betty.wilson665@example.com,2026-03-04,671.23,USD,PENDING,Subscription,127.53,AU
REC-10393,Mark Taylor,mark.taylor820@example.com,2026-03-04,4746.78,EUR,PENDING,Hardware,379.74,DE
REC-10622,Joseph Gonzalez,joseph.gonzalez906@example.com,2026-05-25,4139.83,EUR,CANCELLED,Consulting,331.19,CH
REC-10111,Matthew Brown,matthew.brown455@example.com,2026-03-23,1504.34,USD,FAILED,Subscription,0.0,JP
REC-10638,Margaret Hernandez,margaret.hernandez266@example.com,2026-06-05,3075.31,JPY,CANCELLED,Cloud_Services,246.02,GB
REC-10327,William Williams,william.williams381@example.com,2026-03-02,1987.74,CAD,PENDING,Cloud_Services,139.14,SG
REC-10836,Mary Johnson,mary.johnson341@example.com,2026-04-16,4542.05,CAD,PROCESSING,Training,454.21,US
REC-10279,Jennifer Jackson,jennifer.jackson247@example.com,2026-07-22,4483.66,SGD,PENDING,Training,313.86,SG
REC-10766,Lisa Jackson,lisa.jackson18@example.com,2026-05-06,2912.46,GBP,CANCELLED,Training,145.62,GB
REC-10611,Robert Miller,robert.miller669@example.com,2026-03-19,2711.36,EUR,PENDING,Consulting,542.27,NL
REC-10434,Barbara Wilson,barbara.wilson303@example.com,2026-03-02,2745.21,CAD,CANCELLED,Consulting,137.26,DE
REC-10457,David Martinez,david.martinez464@example.com,2026-03-05,2069.6,CAD,PROCESSING,Consulting,393.22,NL
REC-30005,John Wilson,john.wilson743@example.com,2026-08-10,829.15,EUR,CANCELLED,Hardware,41.46,CH
REC-10444,Nancy Davis,nancy.davis494@example.com,2026-06-22,3384.71,EUR,PROCESSING,Support,270.78,US
REC-10500,Christopher Rodriguez,christopher.rodriguez217@example.com,2026-03-06,795.21,CAD,COMPLETED,Training,79.52,DE
REC-10740,Joseph Thomas,joseph.thomas514@example.com,2026-02-16,3552.03,AUD,PROCESSING,Consulting,674.89,FR
REC-10211,Patricia Johnson,patricia.johnson298@example.com,2026-07-28,3080.73,AUD,PENDING,Consulting,154.04,CH
REC-10814,Charles Taylor,charles.taylor956@example.com,2026-02-17,3324.44,AUD,PROCESSING,Consulting,332.44,FR
REC-10170,Mary Hernandez,mary.hernandez898@example.com,2026-03-20,1889.83,EUR,PROCESSING,Hardware,94.49,FR
REC-10320,Linda Jones,linda.jones729@example.com,2026-06-27,1245.3,CAD,CANCELLED,Cloud_Services,249.06,GB
REC-10602,Sarah Taylor,sarah.taylor769@example.com,2026-05-18,2420.3,EUR,COMPLETED,Cloud_Services,459.86,CH
REC-10785,Jennifer Smith,jennifer.smith691@example.com,2026-08-22,534.81,JPY,COMPLETED,Subscription,42.78,GB
REC-10813,Margaret Williams,margaret.williams923@example.com,2026-07-12,3361.64,SGD,PENDING,Hardware,0.0,SG
REC-10598,Susan Lopez,susan.lopez357@example.com,2026-04-11,1729.18,USD,FAILED,Hardware,328.54,CA
REC-10106,Margaret Wilson,margaret.wilson45@example.com,2026-06-24,2370.15,SGD,CANCELLED,Training,474.03,GB
REC-10403,John Martinez,john.martinez727@example.com,2026-07-05,3904.78,JPY,COMPLETED,Hardware,390.48,DE
REC-10288,Robert Williams,robert.williams172@example.com,2026-07-09,2111.3,AUD,COMPLETED,Consulting,168.9,JP
REC-10735,Elizabeth Wilson,elizabeth.wilson771@example.com,2026-05-23,4731.02,JPY,PENDING,Training,473.1,SG
REC-30009,Lisa Garcia,lisa.garcia264@example.com,2026-07-15,1536.18,SGD,PROCESSING,Support,107.53,FR
REC-10867,Lisa Jackson,updated.lisa.jackson611@example.com,2026-05-02,2442.61,JPY,PROCESSING,Training,195.41,CH
REC-10704,John Anderson,john.anderson779@example.com,2026-05-21,1023.57,USD,CANCELLED,Training,102.36,DE
REC-10203,Jennifer Jones,jennifer.jones444@example.com,2026-01-27,629.56,GBP,PENDING,Hardware,31.48,CA
REC-10178,Elizabeth Thomas,elizabeth.thomas713@example.com,2026-03-25,3530.63,JPY,COMPLETED,Subscription,282.45,US
REC-10257,Christopher Wilson,christopher.wilson570@example.com,2026-08-02,4861.73,CAD,CANCELLED,Support,923.73,CA
REC-30088,Robert Brown,robert.brown981@example.com,2026-02-26,115.55,GBP,PROCESSING,Subscription,5.78,DE
REC-30045,Elizabeth Miller,elizabeth.miller718@example.com,2026-07-04,663.19,AUD,PROCESSING,Subscription,132.64,JP
REC-10410,Margaret Lopez,margaret.lopez471@example.com,2026-05-07,2338.82,JPY,PROCESSING,Cloud_Services,444.38,CH
REC-30082,Richard Lopez,richard.lopez10@example.com,2026-02-14,2465.31,JPY,PROCESSING,Hardware,0.0,AU
REC-10447,Joseph Jackson,joseph.jackson459@example.com,2026-02-28,2497.3,USD,CANCELLED,Training,174.81,US
REC-10508,Mary Moore,mary.moore516@example.com,2026-02-03,2416.38,JPY,PROCESSING,Subscription,120.82,AU
REC-10829,Christopher Martin,christopher.martin642@example.com,2026-04-03,4870.9,GBP,PENDING,Subscription,243.54,AU
REC-10764,James Brown,james.brown784@example.com,2026-05-16,4971.72,JPY,FAILED,Support,0.0,FR
REC-10479,Mary Williams,mary.williams367@example.com,2026-02-10,3936.59,JPY,COMPLETED,Consulting,275.56,FR
REC-10302,David Williams,david.williams308@example.com,2026-01-26,3556.79,AUD,FAILED,Training,0.0,SG
REC-10668,Mark Jackson,mark.jackson925@example.com,2026-01-25,742.16,SGD,PROCESSING,Consulting,37.11,AU
REC-10565,Nancy Martinez,nancy.martinez959@example.com,2026-06-06,3149.53,CAD,PROCESSING,Support,0.0,SG
REC-10726,Mary Jackson,mary.jackson62@example.com,2026-05-05,564.44,SGD,CANCELLED,Hardware,45.16,CA
REC-10357,Joseph Anderson,joseph.anderson322@example.com,2026-07-04,2684.26,EUR,CANCELLED,Consulting,536.85,FR
REC-10095,Thomas Anderson,thomas.anderson939@example.com,2026-05-06,4984.76,CAD,CANCELLED,Subscription,398.78,FR
REC-10205,Christopher Martinez,christopher.martinez630@example.com,2026-02-17,3208.53,JPY,PENDING,Hardware,320.85,CH
REC-10494,Matthew Taylor,matthew.taylor144@example.com,2026-08-06,903.93,CAD,PENDING,Training,90.39,FR
REC-10281,Richard Hernandez,richard.hernandez31@example.com,2026-05-26,4963.0,EUR,FAILED,Support,397.04,AU
REC-10275,Christopher Johnson,christopher.johnson96@example.com,2026-07-13,1892.08,USD,COMPLETED,Training,151.37,GB
REC-10130,Christopher Martin,christopher.martin995@example.com,2026-01-02,3936.11,EUR,PROCESSING,Hardware,196.81,SG
REC-30063,Daniel Lopez,daniel.lopez578@example.com,2026-03-14,4109.62,AUD,CANCELLED,Cloud_Services,287.67,US
REC-10709,Jessica Martin,jessica.martin47@example.com,2026-04-23,3247.44,EUR,COMPLETED,Consulting,0.0,SG
REC-10746,Elizabeth Jackson,elizabeth.jackson136@example.com,2026-05-06,3948.45,SGD,FAILED,Consulting,197.42,US
REC-10086,Elizabeth Williams,elizabeth.williams255@example.com,2026-02-18,3824.57,JPY,PROCESSING,Hardware,382.46,NL
REC-10226,Michael Davis,michael.davis286@example.com,2026-05-08,4708.01,AUD,FAILED,Training,329.56,DE
REC-10142,Susan Lopez,susan.lopez895@example.com,2026-07-28,4580.06,GBP,PROCESSING,Consulting,0.0,CA
REC-10336,Jessica Martin,jessica.martin73@example.com,2026-01-12,4670.28,SGD,PROCESSING,Cloud_Services,233.51,CA
REC-30086,Richard Wilson,richard.wilson762@example.com,2026-06-02,809.96,SGD,FAILED,Subscription,40.5,AU
REC-10223,David Wilson,david.wilson156@example.com,2026-07-23,1027.42,AUD,PROCESSING,Cloud_Services,102.74,US
REC-30021,Jennifer Taylor,jennifer.taylor972@example.com,2026-02-15,2839.79,EUR,PENDING,Subscription,141.99,GB
REC-10118,Anthony Martinez,anthony.martinez795@example.com,2026-04-20,4011.64,CAD,PENDING,Support,200.58,JP
REC-10374,Sandra Hernandez,sandra.hernandez61@example.com,2026-01-05,2937.18,AUD,COMPLETED,Support,146.86,CA
REC-10888,James Moore,james.moore607@example.com,2026-05-08,4162.82,CAD,COMPLETED,Support,291.4,SG
REC-10222,Matthew Gonzalez,matthew.gonzalez152@example.com,2026-04-02,2867.13,USD,PENDING,Subscription,544.75,FR
REC-10157,Michael Lopez,michael.lopez360@example.com,2026-03-08,522.99,EUR,PENDING,Support,36.61,GB
REC-10780,Lisa Brown,lisa.brown947@example.com,2026-04-17,4257.97,GBP,PROCESSING,Hardware,340.64,FR
REC-10525,Elizabeth Hernandez,elizabeth.hernandez970@example.com,2026-02-26,2571.3,JPY,PROCESSING,Consulting,179.99,FR
REC-10531,Robert Brown,robert.brown123@example.com,2026-02-22,4779.34,JPY,COMPLETED,Support,382.35,US
REC-10024,Nancy Wilson,nancy.wilson363@example.com,2026-07-14,2340.45,USD,COMPLETED,Subscription,444.69,AU
REC-10549,Matthew Gonzalez,matthew.gonzalez537@example.com,2026-02-04,1319.64,USD,CANCELLED,Consulting,65.98,DE
REC-10031,John Garcia,john.garcia71@example.com,2026-02-22,4310.48,USD,PROCESSING,Hardware,344.84,CH
REC-10621,Sarah Gonzalez,sarah.gonzalez753@example.com,2026-01-18,1943.12,CAD,COMPLETED,Hardware,388.62,JP
REC-10198,John Hernandez,john.hernandez684@example.com,2026-06-23,334.05,GBP,FAILED,Hardware,33.41,GB
REC-10125,Christopher Anderson,christopher.anderson932@example.com,2026-05-21,2047.4,USD,COMPLETED,Consulting,102.37,FR
REC-30049,Charles Wilson,charles.wilson994@example.com,2026-03-21,3615.53,USD,COMPLETED,Hardware,180.78,AU
REC-10261,Lisa Miller,lisa.miller53@example.com,2026-05-13,3371.62,USD,COMPLETED,Hardware,337.16,CH
REC-10760,Matthew Gonzalez,matthew.gonzalez91@example.com,2026-01-14,3197.64,SGD,PENDING,Support,223.83,FR
REC-10535,Joseph Hernandez,joseph.hernandez706@example.com,2026-01-01,3373.77,JPY,COMPLETED,Consulting,269.9,CA
REC-10163,Thomas Garcia,thomas.garcia41@example.com,2026-04-23,2194.41,JPY,PROCESSING,Support,175.55,GB
REC-10006,Anthony Martin,anthony.martin907@example.com,2026-06-19,969.52,USD,PENDING,Consulting,0.0,SG
REC-10560,Patricia Martinez,patricia.martinez276@example.com,2026-03-23,2197.7,EUR,COMPLETED,Hardware,0.0,US
REC-10615,Karen Rodriguez,karen.rodriguez621@example.com,2026-04-20,1168.59,USD,FAILED,Subscription,222.03,FR
REC-10629,Michael Smith,michael.smith638@example.com,2026-05-01,2298.63,SGD,PROCESSING,Subscription,459.73,CH
REC-10496,Thomas Lopez,thomas.lopez398@example.com,2026-08-15,4408.94,CAD,FAILED,Subscription,0.0,NL
REC-10356,William Davis,william.davis77@example.com,2026-04-05,3901.89,USD,PENDING,Subscription,390.19,GB
